#fields	index	rw_pattern
0	*.regq
1	*.cryptonation92@outlook.com
2	*.hoop
3	*.HORSEMONEY
4	*.reqg
5	*.repg
6	*.FancyLeaks
7	*.JRB
8	*.82uqjb1k5*
9	*.GanP
10	*.divinity
11	*.salma
12	*.REV
13	*.w2tnk
14	*.nooa
15	*.muuq
16	*.51yupKSuX
17	*.hela
18	*.guer
19	*.dance
20	*.Imshifau
21	*.aeur
22	*.hhqa
23	*.grej
24	*.myday
25	*.gudj
26	*.moqs
27	*.PcS
28	*.ufwj
29	*.teddy
30	*.LOWPRICE
31	.pause
32	*.gujd
33	*.nwji
34	*.pause
35	*.WWKA
36	*.nohope
37	*.Poteston
38	*.GoodMorning
39	*.PB
40	*.hive
41	*.givemenitro
42	*.rxqcpjoai
43	*.partydog
44	*.leex
45	*.miis
46	*.PIIQ*
47	*.lssr
48	*.xcss
49	*.avos
50	*.pooe
51	*.cryptoncrypt
52	*.zqqw
53	*.zzla
54	*.neer
55	*.mppq
56	*.piiq
57	*.Spyro
58	*.SplinterJoke
59	*.TaRRaK
60	*.XMEYU
61	*.ZIG
62	*.pr09
63	*.pahd
64	*.2x2d
65	*.SLAM
66	*.qscx
67	*.tohnichi
68	*.MANSORY
69	*.redeem
70	*.r44s
71	*.\[Delta\]*
72	*.Poliex
73	*.hen_ry_217
74	*.0xxx
75	*.nmc
76	*.ZEUS
77	*.snoopdog
78	*.ddsg
79	*.apis
80	*.iqll
81	*.Sspq
82	*.reddot
83	*.nermer
84	*.ramsome.encrypt(rsw).nat
85	*.v-society
86	*.PAYLOADBIN
87	*.PARTY
88	*.Xino
89	*.DELTA
90	*.MMTA
91	*.paas
92	*.Yqbdpevbz
93	*.Sal13
94	*.epsilonred
95	*.Lohodf
96	*.Datalock
97	*.Dhlp
98	*.poker
99	*.Globeimposter*
100	*.Oplatabtc3
101	*.mo2
102	*.Zwbowhtlni
103	*.505
104	*.ehiz
105	*.CGAIE
106	*.root
107	*.eye
108	*.nusm
109	*@disroot.org*
110	*.ever101
111	*.Lorenz.sz40
112	*.Lawvuhqjr
113	*.sick
114	*.FEEDC
115	*.ducky
116	*.igvm
117	*.dewar
118	*.LGNLCKD
119	*.pcqq
120	*.Czlock
121	*.lldc
122	*.HJAWF
123	*.bumcoder
124	*.GoNNaCry
125	*.henry217
126	*.saverswasted
127	*.n3tw0rm
128	*.BtCry_zip
129	*.HPJ
130	*.rejg
131	*.2122
132	*.XHAMSTER
133	*.rbhd
134	*.rootiunik.*-*-*
135	*.cum
136	*.wintenzz
137	*.encrpt3d
138	*.bdev
139	*.GFYPK
140	*.ALNBR
141	*.Hknet
142	*.lookfornewitguy
143	*.pandora
144	*.BENTLEY
145	*.combo13
146	*.swagkarna
147	*.graysuit
148	*.Ctpl
149	*.4o4
150	*.Greed
151	*.Elbie
152	*.wrui
153	*.ZoLiSoNaL
154	*.MailRU
155	*.lmas
156	*.charlie.j0hnson
157	*.gehenna
158	*.beaf
159	*.glock
160	*.HANTA
161	*.03rK
162	*.fdcz
163	*.yrnb
164	*.urnb
165	*.uniwinni.crypt
166	*.bagli
167	*.YBNT
168	*.ybtn
169	*.ytbn
170	*.duk
171	*.arch
172	*.stnts
173	*.LAZPARKING-*
174	*.cityzone-*
175	*.lpsk
176	*.Prom\[*\]
177	*.sandboxtest
178	*.Technomous*
179	*.SO0i
180	*.ekvf
181	*.plastic
182	*.PROM
183	*.zonecare
184	*.zuadr
185	*.Bqd2
186	*.pecunia
187	*.Alienlock
188	*.Enfp
189	*.optimus
190	*.oral
191	*.biden
192	*.Networklock
193	*.systems32x
194	*.IQ_IQ
195	*.RansomTrojanLock
196	*.Stealed
197	*.NASAcry
198	*.ecure
199	*.fsvlf4
200	*.fsociety
201	*.pirat
202	*.hog
203	*.eofyd
204	*.seccrypt
205	*.gopher
206	*.z8sj2c
207	*.usagoo
208	*.jojocrypt
209	*.tirp
210	*.0l0lqq
211	*.sarbloh
212	*.WKSGJ
213	*.covid21
214	*.reig
215	*.clman
216	*.perfection
217	*.jessy
218	*.p3rt4m1n4777
219	*.JDPR
220	*.vassagoh
221	*.lck
222	*.ribd
223	*.Snoopdoog
224	*.LockfilesKR
225	*.vjiszy1lo
226	*.four
227	*.RANZYLOCKED
228	*.fair
229	*.BK
230	*.arazite
231	*.paralock
232	*.paras1te
233	*.parasite
234	*.pauq
235	*.vassago
236	*.HAM
237	*.alumni
238	*.cadq
239	*.lola
240	*.kslhb
241	*.LOTUS
242	*.dark
243	*.TRU8
244	*.daddycrypt
245	*_HD
246	*.zaplat.za*
247	*.wcg
248	*.MILIHPEN
249	*.con30
250	*.lucifer
251	*.ygkz
252	*.CMLOCKER
253	*.tortoise
254	*.OVO
255	*.DERZKO
256	*.Egh9E
257	*.MILIHPENN
258	*.glkm
259	*.@LyDarkr
260	*.22btc
261	*.TomLe
262	*.Avaad
263	*.Cukiesi
264	*._enc
265	*.ZoToN
266	*.CryptPethya
267	*.palm
268	*.plam
269	*.cosd
270	*.EnCryp13d
271	*.NOV
272	*.betarasite
273	*.babyk
274	*.AXI
275	*.LTC
276	*.RSA
277	*.vovalex
278	*.dexx
279	*.johnborn@cock_li
280	*.pola
281	*.14x
282	*.cnh
283	*.cring
284	*.DeroHE
285	*.clock
286	*.boom
287	*.wbxd
288	*.judge
289	*.aksx
290	*.KKBKR
291	*.qlkm
292	*.coos
293	*.LIZARD
294	*.solaso
295	*.aulmhwpbpz
296	*.bonsoir
297	*.locks
298	*.ZIEBF_4561drgf
299	*.qQ6Q
300	*.__NIST_K571__
301	*.moloch
302	*.*.AMJIXIUS
303	*.encryptedQjbQpkgd.sett4545
304	*.xbml
305	*.nginxhole
306	*.lockedv1
307	*.lockerxxs
308	*.AMJIXIUS
309	*.16x
310	*.ziggy
311	*.igal
312	*.mijnal
313	*.jcrypt
314	*.rtcrypted
315	*.KLZUB
316	*.omfl
317	*.Antivirus
318	*.kobos
319	*.abstergo
320	*.himynameisransom
321	*.idgm
322	*.2020END
323	*.v316
324	*.booa
325	*.INFECTION
326	*.NIGG3R
327	*.igdm
328	*.GLB
329	*.yoAD
330	*.nobu
331	*.hacker
332	*.weui
333	*.lisp
334	*.bcBDBbAEDb
335	*.esexz
336	*.slgh
337	*.sglh
338	*.howareyou
339	*.ZqVIkE
340	*.vvao
341	*.vvoa
342	*.FLAMINGO
343	*.RexCrypt
344	*.FUSION
345	*.siliconegun@tutanota.com
346	*.agho
347	*.pay2key
348	*.zimba
349	*.stj888
350	*.\[*\].termit
351	*.luckyday
352	*.vpsh
353	*.CC4H
354	*.sext
355	*.Elvis
356	*.sz40
357	*.H@RM@
358	*.bondy
359	*.\[*\].Bang
360	*.jdyi
361	*.SNPDRGN
362	*.ITTZN
363	*.captcha
364	*.pizhon-*
365	*.ZaLtOn
366	*.iiss
367	*.BCCaEaadBA
368	*.see_read_me
369	*.Szymekk
370	*.Hidden
371	*.ALVIN
372	*.dme
373	*.gtsc
374	*.MERIN
375	*.LockDown
376	*.*anta
377	*.XNMMP
378	*.nypg
379	*.*.MadDog
380	*.VAGGEN
381	*.TJODT
382	*.32aa
383	*.efji
384	*.easy2lock
385	*.maddog
386	*.mmpa
387	*.loki
388	*.Bioawards
389	*.pepe
390	*.nyan
391	*.*.XINOF
392	*.TG33
393	*.foqe
394	*.XONIF
395	*.zxcv
396	*.CURATOR
397	*.woodrat
398	*.Nibiru
399	*.mame*vse
400	*.FLYU
401	*.fresh
402	*.BD
403	*.moss
404	*.zphs
405	*.osnoed
406	*.$anta
407	*.cve
408	*.HCY!
409	*.Persephone666
410	*.id_*_.YOUR_LAST_CHANCE
411	*.sanders4
412	*.hbdalna
413	*.Lulz
414	*.zhen
415	*.TRAPGET
416	*.babaxed
417	*.easyransom
418	*.lyli!
419	*.RNZ
420	*.id\[*-2589\].\[helpisos@aol.com\].isos
421	*.lyli
422	*.lina
423	*.Alix1011RVA
424	*.TAKA
425	*.TEREN
426	*.AW46
427	*.Dusk
428	*.Dusk!
429	*.lr
430	*.easyransom!
431	*.babaxed!
432	*.CryForMe
433	*.abkir
434	*.DEUS
435	*.copa
436	*.horse
437	*.TRAPGET!
438	*.*.*.\[blacklivesmatter@qq.com\].blm
439	*.FG69
440	*.JB88
441	*.paradox!
442	*.z3zmh
443	*.montana
444	*.RHMLM
445	*.zhen!
446	*.kolz
447	*.Valley
448	*.*.DogeCrypt
449	*.YOURPCISHACK16024752552658
450	*.sgs911
451	*.*.immunityyoung@aol.com.young
452	*.Lulz!
453	*.AHP
454	*.id-*.\[pewpew@TuTa.io\].abkir
455	*.tx_locked!
456	*.MEFILIN
457	*.npph
458	*.hbdalna!
459	*.doc!
460	*.Consciousness
461	*.ogdo
462	*.sgs911-*
463	*.UGMH
464	*mlagham.exe
465	*@criptext.com*
466	*.BG85
467	*.xp10-ransom
468	*.z3enc
469	*.J91D
470	*.Fappy
471	*.FDFK22
472	*.Id-*.secure
473	*.S996
474	*.hnx911
475	*.reimageplus
476	*.bmd
477	*.tx_locked
478	*.txd0t!
479	*.ILMWL
480	*.kasp
481	*.txd0t
482	*.id\[*-2987\].\[crioso@protonmail.com\].eking
483	*.UAKXC
484	*.klavins
485	*.fezmm
486	*.WSHLP
487	*.SXS
488	*.\[*\].\[akzhq808@tutanota.com\].makop
489	*.Mnd4
490	*.CYRAT
491	*.Death_Of_Shadow
492	*.*GLADIUS
493	*.boop
494	*.Aim
495	*.get
496	*.Back
497	*.morseop*
498	*.jigsaaw
499	*.ReadManual.*
500	*.\[XMRLocker\]
501	*.wannacry
502	*.morseop-7j9wrqr
503	*.volvo33_36_37_39__44
504	*.id\[*-2275\].\[helprecover@foxmail.com\].help
505	*.saved
506	*.id\[*-*\].\[mccreight.ellery@tutanota.com\].eight
507	*.spybuster
508	*.ehre
509	*.covid
510	*.2spyware
511	*.vari
512	*.Zyr
513	*.AB89
514	*.xati
515	*.pandemic
516	*.Spade
517	*.cymcrypt
518	*.*.\[recoverydata@qbmail.biz\].data
519	*.oonn
520	*.0.cs
521	*.0.vb
522	*.djang0unchain3d
523	*.week
524	*.zes
525	.*AgeLocker
526	*.1dec
527	*.nef1lim
528	*.46orz
529	*@pm.me*
530	*.itunes
531	*.rgnk
532	*. tcwwasted
533	*.tcwwasted
534	*.ZaCaPa
535	*.id-*\[FileFixer@ProtonMail.com\].LOCKED
536	*.PPHL
537	*.tools_ensikology
538	*.*jalicry*
539	*.GlUtEzOn.VaNoLe
540	*.nile
541	*.MH24
542	*_out
543	*.silvertor
544	*.mechu4Po
545	*.Ieph0uxo
546	*.mnbzr
547	*.deadfiles
548	*.DECC
549	*.tcprx
550	*.RANDOM
551	*.xienvkdoc
552	*.kook
553	*.GARMINWASTED
554	*.erif
555	*.pstKll
556	*.\[sleepme134@gmail.com\]\[ID-*\].Void
557	*.eduransom
558	*.RE78P
559	*.Globeimposter-Alpha865qqz
560	*.spare
561	*.dwmapi
562	*.\[openpgp@foxmail.com\].pgp
563	*.GlobeimposterAlpha865qqz
564	*.bbawasted
565	*.*wasted_info
566	*.kuus
567	*.flowEncryption
568	*.homer
569	*.\[TorS@Tuta.Io\]
570	*.beijing
571	*.rlhwasted_info
572	*.FastWind
573	*.52pojie
574	*.rlhwasted
575	*.BNFD
576	*.(*dungeon*-0_0)
577	*.jwjs
578	*prnds
579	*CoronaCrypt*
580	*SpartCrypt*
581	*.VinDizelPux
582	*.GNS
583	*.AL8P
584	*.gyga
585	*.NHLP
586	*.lxhlp
587	*.felix
588	*.prnds
589	*.bmtf
590	*.sthd2
591	*.zbw
592	*.hacker_decryption@protonmail.ch
593	*.Drop
594	*.bado
595	*.XINOF
596	*.smpl
597	*.readme
598	*.repl
599	*.Try2Cry
600	*.repter
601	*.teamV
602	*.panther
603	*.SilentDeath
604	*.aris
605	*.maas
606	*.CryCryptor
607	*.wholocked
608	*.*wasted
609	*.encoded_PL
610	*.lolkek
611	*.id-*.\[databack2@protonmail.com\].dtbc
612	*.RABBIT
613	*.zida
614	*.support
615	*.KoxENy1Wq
616	*.id-*.\[Recovery@qbmail.biz\].credo
617	*.pykw
618	*.team
619	*._HE
620	*._HE._LP,
621	*.CRYPTBD
622	*.moba
623	*.crimson
624	*.jsus
625	*.CroNi.ZoNe
626	*.7303yt
627	*.gomer
628	*.Email=\[russiawolf09@gmail.com\]ID=\[*\].zip
629	*.EG83
630	*.id-*.\[savebase@aol.com\].base
631	*.\[dungeon\]-0_0
632	*.vawe
633	*.20dfs
634	*.r3f5s
635	*.mwahah*
636	*.usam
637	*.tabe
638	*.Badboy
639	*.ESCAL*
640	*.TELEGRAM
641	*.EG
642	*.coka
643	*.jpg.js*
644	*.origami
645	*.mwahahah
646	*.hck
647	*.nypd
648	*.thanos
649	*.zwer
650	*.CrYo
651	*.AG88G
652	*.ZRB
653	*.ElvisPresley
654	*wifi*hacker*
655	*.avdn
656	*.club
657	*.wch
658	*.nm8kci
659	*.kkll
660	*unluckyware*
661	*.dsec
662	*.SIGARETA
663	*.xdrop
664	*.BOMBO
665	*.hex911
666	*.VIVELAG
667	*.space
668	*.Fonix
669	*.nlah
670	*.unwa
671	*@*.banks*
672	*.eight
673	*.\[*\].bclaw
674	*.pezi
675	*.fuckunicorn*
676	*.vfcfocxph
677	*.fuckunicornhtrhrtjrj
678	*.bclaw
679	.111111
680	*.bang
681	*.id-*.\[paybit@aol.com\].payB
682	*.payB
683	*.corona-lock
684	*.biglock
685	*.covm
686	*.proL0ck
687	*.eking
688	*@rape.lol*
689	*.M0rphine
690	*.id-*.\[*@*\].NET
691	*.\[decryptadmin@protonmail.com\]\[ID-*\].Void
692	*.0day0
693	*.cxk
694	*.dodged
695	*.pr0Lock
696	*.xsmb
697	*.Zekwacrypt
698	*.ZeroFucks
699	*.Zenis
700	*.ZimbraCryptor
701	*.ZeroRansom
702	*.ZipLocker
703	*.Zoldon
704	*.ZQ
705	*.ZariqaCrypt
706	*.YouAreFucked
707	*.XYZWare
708	*.XCry
709	*.XTP
710	*.Wulfric
711	*.WonderCrypter
712	*.WinRarer
713	*.Winnix
714	*.WininiCrypt
715	*.WildFire
716	*.WhiteRose
717	*.WhatAFuck
718	*.Wesker
719	*.WannaSpam
720	*.WannaSmile
721	*.WannaPeace
722	*.WannaDie
723	*.WannaCry*
724	*.Waffle
725	*.Vurten
726	*.Vortex
727	*.VoidCrypt
728	*.VMola
729	*.VindowsLocker
730	*.ViACrypt
731	*.Venus
732	*.Venis
733	*.Vega
734	*.VaultCrypt
735	*.V8Locker
736	*.Uyari
737	*.UserFilesLocker
738	*.Useless
739	*.Unlock92
740	*.Unlock26
741	*.Unknown
742	*.UnblockUPC
743	*.Ungluk
744	*.UmbreCrypt
745	*.Ukash
746	*.UCCU
747	*.TurkStatik
748	*.TrumpLocker
749	*.TrueCrypter
750	*.Troldesh
751	*.Trojan.Encoder.6491
752	*.TowerWeb
753	*.TotalWipeOut
754	*.Torchwood
755	*.TheDarkEncryptor
756	*.TheDMR
757	*.TeslaWare
758	*.Teslarvng
759	*.TeslaCrypt
760	*.Termite
761	*.TellYouThePass
762	*.Telecrypt
763	*.Team XRat
764	*.T1Happy
765	*.SZFLocker
766	*.SystemCrypter
767	*.SyncCrypt
768	*.SynAck
769	*.SuperB
770	*.SunCrypt
771	*.Stupid
772	*.Striked
773	*.Storm
774	*.StorageCrypter
775	*.Stampado
776	*.SQ_
777	*.SpartCrypt
778	*.Spartacus
779	*.SoFucked
780	*.SNSLocker
781	*.Smrss32
782	*.SkyFile
783	*.Skull
784	*.SintaLocker
785	*.Simple_Encoder
786	*.SilentSpring
787	*.Sigma
788	*.Shujin
789	*.ShkolotaCrypt
790	*.ShivaGood
791	*.Shigo
792	*.ShellLocker
793	*.SFile
794	*.SerbRansom
795	*.Seon
796	*.ScareCrow
797	*.SatanCryptor
798	*.Sanctions
799	*.SamSam
800	*.Salsa
801	*.SADStory
802	*.Sadogo
803	*.SadComputer
804	*.SAD
805	*.Russian EDA2
806	*.Russenger
807	*.Ruby
808	*.RSAUtil
809	*.RSA2048Pro
810	*.RSA-NI
811	*.Roza
812	*.RotorCrypt
813	*.RoshaLock
814	*.Roga
815	*.REvil
816	*.RetMyData
817	*.RenLocker
818	*.RemindMe
819	*.Relock
820	*.Rektware
821	*.REKTLocker
822	*.RedBoot
823	*.RarVault
824	*.RaRansomware
825	*.RansomWarrior
826	*.RansomPlus
827	*.Ransomnix
828	*.RansomCuck
829	*.Rans0m
830	*.RanRan
831	*.Ranion
832	*.RandomLocker
833	*.Random6
834	*.Ragnar
835	*.Radiation
836	*.RackCrypt
837	*.RabbitFox
838	*.RAA-SEP
839	*.R980
840	*.QwertyCrypt
841	*.Quimera
842	*.QuakeWay
843	*.QP
844	*.qkG
845	*.PyLocky
846	*.PyL33T
847	*.PyCL
848	*.PwndLocker
849	*.PureLocker
850	*.PshCrypt
851	*.Protected
852	*.ProLock
853	*.Project57
854	*.Project34
855	*.PrincessLocker
856	*.Pr0tector
857	*.PPDDDP
858	*.PowerWare
859	*.PowerLocky
860	*.PopCornTime
861	*.PonyFinal
862	*.PoisonFang
863	*.Plague17
864	*.Pickles
865	*.PhoneNumber
866	*.Philadelphia
867	*.PhantomChina
868	*.PGPSnippet
869	*.PewCrypt
870	*.Petna
871	*.Pendor
872	*.PEC 2017
873	*.PClock
874	*.PaySafeGen
875	*.PayPalGenerator2019
876	*.Paymen45
877	*.Paradise
878	*.Ozoza
879	*.Ouroboros
880	*.Ordinypt
881	*.OpJerusalem
882	*.OpenToYou
883	*.OnyxLocker
884	*.Nyton
885	*.Nx
886	*.NullByte
887	*.Nuke
888	*.NSB
889	*.NotAHero
890	*.Nomikon
891	*.NMoreira
892	*.Nhtnwcuf
893	*.NextCry
894	*.NewHT
895	*.Netwalker
896	*.Netix
897	*.NETCrypton
898	*.Nemucod
899	*.NegozI
900	*.NCrypt
901	*.NanoLocker
902	*.n1n1n1
903	*.Mystic
904	*.MrDec
905	*.MoWare
906	*.MOTD
907	*.MorrisBatchCrypt
908	*.MoonCrypter
909	*.Montserrat
910	*.MongoLock
911	*.Mobef
912	*.MNS
913	*.Mischa
914	*.MireWare
915	*.MirCop
916	*.Minotaur
917	*.MindSystem
918	*.Meteoritan
919	*.Mespinoza
920	*.MegaLocker
921	*.Medusa
922	*.MCrypt2018
923	*.Maykolin
924	*.MauriGo
925	*.MarsJoke
926	*.MarraCrypt
927	*.Marlboro
928	*.Marduk
929	*.Maoloa
930	*.MalwareTech*
931	*.Magniber
932	*.MafiaWare
933	*.MAFIA
934	*.MadBit
935	*.LowLevel04
936	*.LoveServer
937	*.Lost_Files
938	*.Lortok
939	*.LooCipher
940	*.LonleyCrypt
941	*.LongTermMemoryLoss
942	*.LockTaiwan
943	*.LockerGoga
944	*.LockedByte
945	*.Locked-In
946	*.LockCrypt
947	*.LockBox
948	*.Lock2017
949	*.LMAOxUS
950	*.LLTP
951	*.LittleFinger
952	*.LightningCrypt
953	*.LambdaLocker
954	*.Ladon
955	*.L33TAF
956	*.KryptoLocker
957	*.Kriptovor
958	*.Krider
959	*.KratosCrypt
960	*.Kozy.Jozy
961	*.Kolobo
962	*.KokoKrypt
963	*.Kirk
964	*.KillRabbit
965	*.KillerLocker
966	*.KEYHolder
967	*.KeyBTC
968	*.Kerkoporta
969	*.KeRanger
970	*.KCW
971	*.KawaiiLocker
972	*.Kasiski
973	*.Karo
974	*.Karmen
975	*.Karma
976	*.Kaenlupuf
977	*.JungleSec
978	*.JuicyLemon
979	*.JosepCrypt
980	*.JoeGo
981	*.JobCrypter
982	*.JNEC.a
983	*.Jigsaw
984	*.Jemd
985	*.JeepersCrypt
986	*.JapanLocker
987	*.Jager
988	*.Jack.Pot
989	*.JabaCrypter
990	*.Ishtar
991	*.Iron
992	*.iRansom
993	*.InsaneCrypt
994	*.InfoDot
995	*.InfinityLock
996	*.InfiniteTear
997	*.InducVirus
998	*.Ims00ry
999	*.ILElection2020
1000	*.IFN643
1001	*.IEncrypt
1002	*.HydraCrypt
1003	*.Hydra
1004	*.Hucky
1005	*.HPE iLO
1006	*.HolyCrypt
1007	*.HollyCrypt
1008	*.HKCrypt
1009	*.HildaCrypt
1010	*.HiddenTear
1011	*.Heropoint
1012	*.HelpDCFile
1013	*.Help50
1014	*.Hells
1015	*.Heimdall
1016	*.HDDCryptor
1017	*.hc7
1018	*.hc6
1019	*.Halloware
1020	*.Hakbit
1021	*.HadesLocker
1022	*.GX40
1023	*.GusCrypter
1024	*.GPGQwerty
1025	*.GPCode
1026	*.GPAA
1027	*.Gorgon
1028	*.GoRansom
1029	*.Gomasom
1030	*.GoldenEye
1031	*.Golden Axe
1032	*.GoGoogle
1033	*.Globe3
1034	*.GlobeImposter
1035	*.Gibon
1036	*.Gibberish
1037	*.GhostHammer
1038	*.GhostCrypt
1039	*.GetCrypt
1040	*.GermanWiper
1041	*.Gerber
1042	*.GC47
1043	*.GandCrab2
1044	*.GandCrab
1045	*.Galacti-Crypter
1046	*.FuxSocy
1047	*.FunFact
1048	*.FuckSociety
1049	*.FS0ciety
1050	*.FrozrLock
1051	*.FreeMe
1052	*.FLKR
1053	*.Flatcher3
1054	*.FindZip
1055	*.FilesLocker
1056	*.Fenrir
1057	*.FenixLocker
1058	*.FCT
1059	*.FCP
1060	*.Fadesoft
1061	*.Fabiansomware
1062	*.Extractor
1063	*.Extortion Scam
1064	*.Exocrypt XTC
1065	*.ExecutionerPlus
1066	*.Everbe*
1067	*.Eternal
1068	*.Estemani
1069	*.Erica
1070	*.Erebus
1071	*.EnkripsiPC
1072	*.Enjey Crypter
1073	*.Encryptor RaaS
1074	*.EncryptoJJS
1075	*.EncryptedBatch
1076	*.Enc1
1077	*.El Polocker
1078	*.EggLocker
1079	*.EduCrypt
1080	*.EdgeLocker
1081	*.ECLR*
1082	*.eCh0raix
1083	*.eBayWall
1084	*.DynA-Crypt
1085	*.DVPN
1086	*.DryCry
1087	*.DriedSister
1088	*.DoubleLocker
1089	*.DoNotChange
1090	*.Done
1091	*.DoggeWiper
1092	*.DMA Locker*
1093	*.District
1094	*.Dishwasher
1095	*.DirtyDecrypt
1096	*.DilmaLocker
1097	*.Digisom
1098	*.DeriaLock
1099	*.Defray777
1100	*.Defray
1101	*.DEDCryptor
1102	*.DecYourData
1103	*.DecryptIomega
1104	*.DeathRansom
1105	*.DeathNote
1106	*.DeathHiddenTear v2
1107	*.DeathHiddenTear
1108	*.Deadly
1109	*.DCry 2.0
1110	*.Dcrtr
1111	*.DavesSmith
1112	*.DataKeeper
1113	*.DarkoderCryptor
1114	*.Dablio
1115	*.CXK-NMSL
1116	*.CTB-Locker
1117	*.CTB-Faker
1118	*.CSP Ransomware
1119	*.Crystal
1120	*.CryPy
1121	*.CryptXXX 4.0
1122	*.CryptXXX 3.0
1123	*.CryptXXX 2.0
1124	*.CryptXXX
1125	*.CryptoWire
1126	*.CryptoWall 4.0
1127	*.CryptoWall 3.0
1128	*.CryptoWall 2.0
1129	*.CryptoViki
1130	*.CryptoTorLocker
1131	*.CryptoShocker
1132	*.CryptoRoger
1133	*.CryptorBit
1134	*.CryptoPokemon
1135	*.CryptoPatronum
1136	*.CryptoMix Wallet
1137	*.CryptoMix Revenge
1138	*.CryptoMix
1139	*.CryptoLuck
1140	*.CryptoLocky
1141	*.CryptoLockerEU
1142	*.CryptoLocker3
1143	*.CryptoJacky
1144	*.CryptoHitman
1145	*.CryptoHasYou
1146	*.CryptoGod
1147	*.CryptoFortress
1148	*.CryptoFinancial
1149	*.CryptoDevil
1150	*.CryptoDefense
1151	*.CryptInfinite
1152	*.CryptFuck
1153	*.CryptConsole3
1154	*.CryptConsole
1155	*.Crypt0r
1156	*.Crypt0L0cker
1157	*.Crypt0
1158	*.Crypren
1159	*.CrypMic
1160	*.CryLocker
1161	*.CryFile
1162	*.Cryakl
1163	*.Cripton7zp
1164	*.CreamPie
1165	*.CradleCore
1166	*.Cr1ptT0r
1167	*.Cossy
1168	*.CorruptCrypt
1169	*.CoronaVirus
1170	*.Comrade Circle
1171	*.Clouded
1172	*.CoinVault
1173	*.Coin Locker
1174	*.CockBlocker
1175	*.CmdRansomware
1176	*.ClicoCrypter
1177	*.ChineseRarypt
1178	*.ChinaYunLong
1179	*.Chimera
1180	*.ChernoLocker
1181	*.CerberTear
1182	*.Cancer
1183	*.id\[*-*\].\[decphob@tuta.io\].eking
1184	*.DoppelPaymer
1185	*.Bucbi
1186	*.Bubble
1187	*.BTCamant
1188	*.Brazilian Ransomware
1189	*.Booyah
1190	*.BoooamCrypt
1191	*.Blue Blackmail
1192	*.Blooper
1193	*.BlockFile12
1194	*.Blind 2
1195	*.Blackout
1196	*.BlackKingdom
1197	*.BlackHeart
1198	*.Black Shades
1199	*.Black Feather
1200	*.BKRansomware
1201	*.Bitshifter
1202	*.BitPyLock
1203	*.Bitpaymer
1204	*.BitCryptor
1205	*.BitCrypt 2.0
1206	*.BitCrypt
1207	*.Bisquilla
1208	*.BigBobRoss
1209	*.BetaSup
1210	*.BB Ransomware
1211	*.Basilisque Locker
1212	*.Bart v2.0
1213	*.BandarChor
1214	*.BadRabbit
1215	*.BadEncript
1216	*.BadBlock
1217	.restoreserver
1218	*.g8R4rqWIp9
1219	*.C4H
1220	*.cashdashsentme@protonmail.com
1221	*.cov19
1222	*.rbs
1223	*.C1H
1224	*.paradox
1225	*.qensvlcbymk
1226	*.6be31
1227	*.koti
1228	*.B2DR
1229	*.aZaZeL
1230	*.AxCrypter
1231	*.AWT
1232	*.Avest
1233	*.AVCrypt
1234	*.AutoWannaCryV2
1235	*.AutoLocky
1236	*.Atchbo
1237	*.Ataware
1238	*.ASN1 Encoder
1239	*.Arsium
1240	*.ArmaLocky
1241	*.Argus
1242	*.AresCrypt
1243	*.ApolloLocker
1244	*.ApocalypseVM
1245	*.Apocalypse (New Variant)
1246	*.Apocalypse
1247	*.Anubis
1248	*.AnteFrigus
1249	*.Annabelle 2.1
1250	*.AngryDuck
1251	*.Anatova
1252	*.Amnesia2
1253	*.Alpha
1254	*.Alma Locker
1255	*.Alfa
1256	*.mzlq
1257	*.zeronine
1258	*.lock2bits
1259	*.kupidon
1260	*.Lion
1261	*.Al-Namrood
1262	*.Afrodita
1263	*.AES256-06
1264	*.AES-Matrix
1265	*.AES_KEY_GEN_ASSIST
1266	*.AdamLocker
1267	*.ACCDFISA v2.0
1268	*.ABCLocker
1269	*.7ev3n
1270	*.HaCk
1271	*.24H Ransomware
1272	*.4rw5w
1273	*.0kilobypt
1274	*.vcrypt
1275	*.id-*.\[neural.net@tuta.io\].NET
1276	*.\[ID-*\]-\[EMAIL-M0rphine@cock.li\].M0rphine
1277	*.CrYo.TeOnS
1278	*.sqpc
1279	*.NEMTY_AJORCUS
1280	*.trix
1281	*.xraw
1282	*.\[Hichkasam@protonmail.com\]\[ID-*\].Void
1283	*.id-*.\[Helpsir@rape.lol\].LOL
1284	*.zemblax
1285	*.Zv7uN
1286	*.projectzorgo
1287	*.OFFWHITE
1288	*.Id-*.\[filerestory@gmail.com\].Crypto
1289	*.8be1
1290	*.mpal
1291	*.GEnc
1292	*.geminis3
1293	*.pigzqbqnvbu
1294	*.carlos
1295	*.myblacksun@tuta.io
1296	*.rjali@protonmail.ch
1297	*.id-*.\[im.online@aol.com\].love$
1298	*.love$
1299	*.jyqji
1300	*.qewe
1301	*.id\[*-2589\].\[backup.iso@aol.com\].iso
1302	*.lote
1303	*.EAIJTP
1304	*.builder
1305	*.dec
1306	*.worcservice@protonmail.ch
1307	*.Boruta
1308	*.dop
1309	*.serpom
1310	*.revon
1311	*.likud
1312	*.CoronaLock
1313	*.corona
1314	*.*_RSA
1315	*.azor
1316	*.lezp
1317	.KEY0004
1318	.dec
1319	*.LSOBKMHG
1320	*.0D34E0
1321	.arrepiante
1322	.SARS-CoV-2
1323	*.ahegao
1324	*.WannaRen
1325	*.mbit
1326	*.Void
1327	*.rhino
1328	*.creepy
1329	*.eject
1330	*.KEY0004
1331	*.SARS-CoV-2
1332	*.lalo
1333	*.Sister
1334	*.Cruel
1335	*.bukyak
1336	*.mpaj
1337	*.~~~~
1338	*.id-*.\[*\].ccd
1339	*.id\[*\].\[*\].revon
1340	*.JOPE
1341	*.encS
1342	*.id-*.\[supermetasploit@aol.com\].MSPLT
1343	*.NEMTY_VQLGC72
1344	*.ZyNoXiOn
1345	*.Email=\[*\]ID=\[*\].Boruta
1346	*.id-*.\[bitcoin@email.tg\].ncov
1347	*.rogue
1348	*.shinya
1349	*.encryptedbyBB
1350	*.jest
1351	*.NEPHILIM
1352	*.fcfceee
1353	*.miblqugb
1354	*.\[*\].\[*\].makop
1355	*.mado
1356	*.yakuza
1357	*.KENS@TUTA.IO
1358	*.P4WN3D
1359	*.opqz
1360	*.KEKW
1361	*.njmhqbxu
1362	*.\[*\].yakuza
1363	*.\[*\].\[*\].shootlock
1364	*.npsk
1365	*.C-VIR
1366	*.lO8s42
1367	MZReverenge*
1368	*.petruk
1369	*.makop
1370	*Rec0very*
1371	*.iqy
1372	*.remk
1373	*FDFK*INFO*
1374	*.CULEX
1375	*.NEFILIM
1376	*.\[*\].teslarvng
1377	*.ako
1378	*.HR
1379	*.horseleader
1380	*.MZR
1381	*.javalocker
1382	*.javaencrypt
1383	*.daaefc
1384	*.voyager
1385	*.uk6ge
1386	*.ravack
1387	*.a6f2t
1388	*.foop
1389	*.lokd
1390	*.CNMHR
1391	*.id-*.\[*\].rxx
1392	*.FDFK
1393	*.vash
1394	*.kir
1395	*.bigdata
1396	*.id\[*\].*.dewar
1397	*.anon000
1398	*.rezm
1399	*.YKUP
1400	*.sepsys
1401	*.CryptoDarkRubix
1402	*.DEMON
1403	*.China
1404	*.Tsar
1405	*.pxj
1406	*.pwnd
1407	*.brick
1408	*.jerry_glanville_data@aol.com
1409	*.ragnar_*
1410	*.\[paymentbtc@airmail.cc\].Deniz_Kizi
1411	*.0x6A0C8
1412	*.\[*\].\[test@test.tst\].test
1413	*.\[paymentbtc@yahoo.com\].Deniz_Kizi
1414	*.\[*\].\[buydecryptor@cock.li\].makop
1415	*.mew767
1416	*.encryptedL
1417	*.networkmaze
1418	*.coom
1419	*.nppp
1420	*.mool
1421	*.encryptedS
1422	*.iwanttits
1423	*.sfile2
1424	*.Ouchachia
1425	*.id-*.\[black@gytmail.com\].self
1426	*.id\[*-2423\].\[jewkeswilmer@aol.com\].deal
1427	*.ncov
1428	*.blend
1429	*.rajar
1430	*.Rentyr
1431	*.mmnn
1432	*.ooss
1433	*.cripto
1434	*.*.firex3m
1435	*.id-*.\[coronavirus@qq.com\].ncov
1436	*.id\[*-2720\].\[mr.helper@qq.com\].dewar
1437	*.rooe
1438	*.*.*.WHY
1439	*.*.*.dewar
1440	*.ONIX
1441	*.egmwv
1442	*.btHTIb
1443	*.*.parrot
1444	*.razor
1445	*.#ransomwared
1446	*.egmwvm
1447	*kremez*
1448	*.AnubisCrypt
1449	*.desucrpt
1450	*.bboo
1451	*.moncrypt
1452	*.bhacks
1453	*.hellomynameisransom
1454	*.RYK!
1455	*.midwestsurinc
1456	*.eaaeee
1457	*.Devos
1458	*.CONTI
1459	*.abarcy
1460	*.Email=\[MasterFile001@protonmail.com\]ID=\[*\].sorena
1461	*.Iexei8bo
1462	*.id\[*\].\[2183313275@qq.com\].Devos
1463	*.id-*.\[stopen@firemail.cc\].stop
1464	*.id-*.\[grdoks@tutanota.com\].rajar
1465	*.ragnar_44027CDE
1466	*.heronpiston
1467	*.himr
1468	*.happythreechoose
1469	*.lockbit
1470	*.adv
1471	*.abiyq
1472	*.lasan
1473	*.Huy
1474	*.alka
1475	*.repp
1476	*.R2D2
1477	*.ENCRYPTED_RSA
1478	*.live
1479	*.Email=\[Honeylock@protonmail.com\]ID=\[*\].odveta
1480	*.id-*.\[05250lock@tutamail.com\].*
1481	*.*.\[lucky_top@protonmail.com\].Devos
1482	*.cryptopatronum@protonmail.com.enc
1483	*.npsg
1484	*.un1que
1485	*.2NEW
1486	*.ragnarok
1487	*.btos
1488	*.wrar
1489	*.*.\[help.me24@protonmail.com\].Z9
1490	*.TRSomware\[is_back__New-Algorithm__By_MaMo434376\]
1491	*.*.\[theblackarrow@tuta.io\].devil
1492	*.al1b1nal1
1493	*.devon
1494	*.fmk-ta3-7ym
1495	*.locker16
1496	*.nlocker
1497	Ransom*Software*.exe
1498	*.topi
1499	*.reha
1500	*.rams1
1501	*.vacv2
1502	*.stub
1503	*.nosu
1504	*.kodc
1505	*.payload
1506	*.sivo
1507	*.picocode#8523
1508	*.id-467C780C.\[bitlocker@foxmail.com\].wiki
1509	*.ebal
1510	*.njkwe
1511	*.2heRi1
1512	*.missing
1513	*.Deniz_kizi
1514	*.rag2hdst
1515	*.id\[*-2261\].\[kusachi@cock.li\].Adair
1516	*.hj36MM
1517	*.id-*.\[sumpterzoila@aol.com\].harma
1518	*.bitpy
1519	*.5ss5c
1520	*.\[nochanse@tuta.io\].aleta
1521	*.horsedeal
1522	*.ADHUBLLKA
1523	*.ekans
1524	*.grinch
1525	*.jenkins
1526	*.Indonesia.Cyborg
1527	*.Mkos
1528	*.Cl0p
1529	*.c0hen
1530	*.happy new year
1531	*.DMR
1532	*.somik1
1533	*.bablo
1534	*.2DA-1FF-401
1535	*.clown+
1536	*.slank
1537	*.BDDY
1538	*.cuba
1539	*.WannaScream
1540	*.*.\[decryptfiles@qq.com\].Devon
1541	*.devil
1542	*.\[*\]\[getdataback22@protonmail.com\].AWT
1543	*.id\[*-2396\].\[theonlyoption@qq.com\].Caleb
1544	*.RIDIK
1545	*.icyoaezi
1546	*.dohfzdod
1547	*.zeoticus
1548	*.id\[*-2542\].\[bexonvelia@aol.com\].Dever
1549	*.charmant
1550	*.help.Ransom
1551	*.REBL
1552	*.wiki
1553	*.piny
1554	*.redl
1555	*.id-*.\[admin@spacedatas.com\].ROGER
1556	*.parad1gm
1557	*.Tor+
1558	.dglnl
1559	.ohwqg
1560	.googl
1561	*.59d49
1562	*.Horriblemorning
1563	*.support@anonymous-service.cc.ppdddp
1564	Unusual
1565	*.SaveTheQueenING
1566	*.\[ponce.lorena@aol.com\]
1567	*.*.\[prndssdnrp@mail.fr\].deuce
1568	*.zeppelin
1569	*.nbes
1570	*.Deniz_Kızı
1571	*.id-*.\[asdbtc@aol.com\].asd
1572	*.NEMTY_VFRLXV9
1573	*.ROGER
1574	*.id-*.\[MerlinWebster@aol.com\].harma
1575	*.bobelectron
1576	*.pysa
1577	*.chch
1578	*.MZ434376
1579	.hets
1580	*.Email=\[luciferenc@tutanota.com\]ID=\[*\].odveta
1581	*.Sifrelendi
1582	*.redrum
1583	*.DMR64
1584	*.id-*.\[moncler@tutamail.com\].redrum
1585	*.TMS5
1586	*.encrypted_backup
1587	*.gesd
1588	*.Rooster865qqZ
1589	*.merl
1590	*.MZ173801
1591	*.MaMo434376
1592	*.righ
1593	*.SpartCript
1594	*.b78vi7v6ri66b
1595	*.hets
1596	*.msop
1597	*.id-*.\[backdata.company@aol.com\].ROGER
1598	*.p3d374
1599	*.*.\[helpnetin@protonmail.com\].com
1600	.KRAB
1601	*.id\[*\].\[backcompanyfiles@protonmail.com\].Calum
1602	*.TR
1603	*.MMTeam
1604	*.mapo
1605	*.wvtr0
1606	*.BB4-230-*
1607	*.SaveTheQueen
1608	*.\[crypto7892@gmx.de\].crypto
1609	*.wasted
1610	*.yarraq
1611	*.id\[*-2465\].\[keysfordecryption@airmail.cc\].Calum
1612	*.Calum
1613	*.ciphered
1614	*.*.\[kenny.sarginson@aol.com\].deal
1615	*.zobm
1616	*.2048
1617	*.KAxoAgY
1618	*.*.\[decrypt@files.mn\].angus
1619	*.cr1
1620	*.ninja
1621	*.SySS
1622	*.kr
1623	*.verschlüsselt
1624	*qibfmkeM5*
1625	*Instraction*
1626	*qweasd*
1627	*@sectex*net*
1628	*@cock.lu*
1629	*.COCKROACH
1630	*.nytom
1631	*.nvram
1632	*.grupothermot3k
1633	*.wctc
1634	*.id-*.\[teammarcy10@cock.li\].kharma
1635	*.mbed
1636	*.jbptlio
1637	*.grod
1638	*.NEMTY_VFFXXXX
1639	*.id\[*-2495\].\[agent5305@firemail.cc\].age
1640	*.nhHtFWV
1641	*.kodg
1642	*.VIRUS
1643	USPS_Delivery.doc
1644	*.abcd
1645	.cr1
1646	*.jc
1647	*.\[ID\]*\[ID\]Look
1648	*.ReadTheInstructions
1649	*.peet
1650	*.ABCDEF
1651	*.raldge
1652	*.id-.\[hmdjam@protonmail.com\].harma
1653	*.id-.\[clifieb@tutanota.com\].nvram
1654	*.gоod
1655	*.0riz0n
1656	*.id\[*-2497\].\[octopusdoc@mail.ee\].octopus
1657	*.Rooster865qq
1658	*.46d7k
1659	*.GodLock
1660	*.NEMTY_*
1661	*.sr0yz
1662	*.m3g4c0rtx
1663	*.ex_parvis@aol.com.AIR
1664	*.octopus
1665	*.7jo22z5m
1666	*.lokf
1667	*.mosk
1668	*.mailto\[2Hamlampampom@cock.li\].82a80
1669	*.3v3r1s
1670	*.toec
1671	*.meka
1672	*.petra
1673	*.id-.\[hobbsadelaide@aol.com\].harma
1674	*.g0h8iwj
1675	*.Elder
1676	*.ccryptor
1677	*.sorryforthis
1678	*.sanders4!
1679	*.safe
1680	*.decrypme
1681	*.bot!
1682	*.nakw
1683	*.id-*.\[admin@sectex.net\].bot
1684	*.bot
1685	*.\[cockroach@cock.lu\].COCKROACH
1686	*.*locker*
1687	*.Lazarus+!
1688	*.id\[*-2387\].\[gruzudo@cock.li\].Barak
1689	svchostt.exe
1690	*.newlock
1691	*.breakingbad
1692	*.boroff
1693	*.\[daves.smith@aol.com\]
1694	*.hdmr
1695	*.encryptd
1696	*.JayTHL
1697	*.derp
1698	*.info@sharebyy\[dot\]com
1699	*.info@mymail9\[dot\]com
1700	*.skynet
1701	*.sapphire
1702	*.bguu
1703	*.tgmn
1704	*.Prt6aV9
1705	*.yq75w627
1706	*.kiss
1707	*.mockba
1708	*.coot
1709	*.acuna
1710	*.cxkdata
1711	*.id-*.\[bitlocker@foxmail.com
1712	*.werd
1713	*.sun
1714	*ABAT*INFO*.*
1715	*.calix
1716	!how_to_unlock_your_file.txt
1717	*.nols
1718	*.masked
1719	*.hackdoor
1720	*.money
1721	*.id\[*-2266\].\[decryptbox@airmail.cc\].Adair
1722	*.Angus
1723	*.Caley
1724	*.CASH
1725	*@files.mn*
1726	*structsstructs*
1727	structsstructs.exe
1728	FACT. 8-9-1278104.doc
1729	FA_HLEH3S83AO22WO.doc
1730	*.bora
1731	*.proced
1732	*.id\[*-*\].\[butters.felicio@aol.com\].deal
1733	*.bwall
1734	*RANSOMED*
1735	msptermthemes.exe
1736	*.mike
1737	*.PO1HG
1738	*.odveta
1739	*.id-*.\[admin@fentex.net\].money
1740	*.\[patern32@protonmail.com\].omerta
1741	*.id\[*-2275\].\[checkcheck07@qq.com\].Adame
1742	*.CRYZP
1743	*.509a49
1744	*.clean
1745	*.veracrypt
1746	*.leto
1747	*.cobain
1748	hacked.txt
1749	*msptermthemes*
1750	!!!Readme!!!Help!!!.txt
1751	*.onx
1752	*.deal
1753	*ENCx45cR*
1754	*.reco
1755	*.m3ga*
1756	*.m3ga
1757	*.ABAT
1758	*.noos
1759	*.badutclowns
1760	*.D00mEd
1761	*.VIVAL
1762	*.xoza
1763	*.scrcrw
1764	.mike!Ransom
1765	*.Lost_Files_Encrypt
1766	*.muhstik
1767	*.omnisphere
1768	*.kuub
1769	*.Athena865
1770	*.FTCODE
1771	.kuub
1772	*.badday
1773	*.id\[*-2423\].\[hanesworth.fabian@aol.com\].dealemail
1774	*.id\[*-*\].\[lockhelp@qq.com\].acute
1775	*.LOCKED_PAY
1776	#DECP_README#.rtf
1777	*.m3gac0rtx
1778	*.id\[*-2425\].\[*n*@cock.li\].Caley
1779	*@tfwno.gf*
1780	*.id\[*-1075\].\[lewisswaffield.a@aol.com\].help
1781	*.Email=\[jacdecr@tuta.io\]ID=\[*\].KRONOS
1782	*.KRONOS
1783	*.id\[*-1161\].\[member987@tutanota.com\].actin
1784	*tflower*
1785	*.DECP
1786	*.nesa
1787	*.Artemis
1788	HILDACRYPTReadMe.html
1789	*.kci0n
1790	*.shade8
1791	*.pack14
1792	GoRansom.txt
1793	*.id\[*-2416\].\[restorebackup@qq.com\].Caley
1794	*.id\[*-2315\].\[decrypt@files.mn\].Banks
1795	*.LonleyEncryptedFile
1796	*.karl
1797	*.id_*_.YOUR_LAST_CHANCE!
1798	*.id-*.\[payday@tfwno.gf\].html
1799	*.id-*.\[adm15@pr…
1800	*.id-*.\[btcdecoding@qq.com\].dqb
1801	*.id\[*-1135\].\[walletwix@aol.com\].actin
1802	*.id\[*-2242\].\[Ke…
1803	*.id\[*-2275
1804	*.id\[*-2275\].\[supportcrypt2019@cock…
1805	*.id-*.\[mr.hacker@tutanota.com\].USA
1806	*.id\[*-2300\].\[crysall.g@aol.com\].banjo
1807	*.id\[*-*\].\[wewillhelpyou@qq.com\].adage
1808	*.id\[*-2275\].\[raynorzlol@tutanota.com\].Adame
1809	*.\[ID=*2uJ\]\[Mail=letitbedecryptedzi@gmail.com\].Lazarus
1810	*.\[ID=*\]\[Mail=unlockme123@protonmail.com\].Lazar
1811	*.id\[*-2252\].\[eccentric_inventor@aol.com\].adage
1812	*.id-*6.\[3442516480@qq.com\].pdf
1813	*.id\[*-2325\].\[zax4444@qq.com\].Banta
1814	*.id-*.\[backdatacompany@aol.com\].html
1815	*.id\[*-2275\].\[recovermyfiles2019@thesecure.biz\].Adame
1816	*.id-*.\[vip76@protonmail.com\].html
1817	*.id-*.\[bitcoin1@foxmail.com\].harma
1818	*.id\[*-2299\].\[britt.looper@aol.com\].phoenix
1819	*.id-*.\[veracrypt@foxmail.com\].adobe
1820	*.id\[*-2394\].\[adagekeys@qq.com\].Caleb
1821	*.id-*.\[partfile@airmail.cc\].com
1822	*.id-*.\[karlosdecrypt@outlook.com\].KARLS
1823	*.id\[*-2345\].\[recoverdata@cock.li\].Banta
1824	*.id-*E6.\[3442516480@qq.com\].pdf
1825	!_Notice_!.txt
1826	chilli.exe
1827	decoder.hta
1828	delog.bat
1829	*.gore
1830	*.id-*.\[3442516480@qq.com\].pdf
1831	*.\[ID\]*\[ID\]
1832	*.id-*.\[Harmahelp73@gmx.de\].harma
1833	*.PAY
1834	*.lfv77az
1835	*.Barak
1836	*.YDHM
1837	*.domn
1838	*.guarded
1839	*.619-300-6500
1840	*.fuXcF
1841	*.id\[C4BA3647-2299\].\[britt.looper@aol.com\].phoenix
1842	*.HCY!!
1843	*.kvag
1844	*.Erenahen
1845	*.Timestamp
1846	*.medsv162
1847	*.hermes837
1848	*.n3xtpharma
1849	*.alanwalkergod@protonmail.com
1850	*._NEMTY_BTKid9H_
1851	*.id-C4BA3647.\[fox5sec@aol.com\].cmd
1852	*.\[rans0me@protonmail.com\].b00m
1853	*.1ywsmbo4
1854	*.b00m
1855	*.moka
1856	*.peta
1857	*.BANKS
1858	*.group
1859	*.biz
1860	*.shariz
1861	*.Zeropadypt
1862	*.zorin
1863	*.Apollon865
1864	*.lbkut
1865	*.id\[C4BA3647-2301\].\[hanesworth.fabian@aol.com\].banjo
1866	*.ckey(RandomID).email(data1992@protonmail.com).pack14
1867	*.id\[C4BA3647-2250\].\[wewillhelpyou@qq.com\].adage
1868	*.ckey(oK5WFfTq).email(data1992@protonmail.com).pack14
1869	*.HILDA
1870	*.id\[6AB8ABF5-2346\].\[limboshuran@cock\].banta
1871	*.WAITING
1872	*._NEMTY*
1873	*.id-502F1F51.\[mstr.hacker@protonmail.com\].KICK
1874	*.dbger
1875	*.BORISHORSE…
1876	*.STOPDATA
1877	*.promoks
1878	*.banta
1879	*.tanos
1880	*.cetori
1881	*.geno
1882	*.try
1883	*.hese
1884	*.O67NG
1885	*.carote
1886	*.686l0tek69
1887	686l0tek69-HOW-TO-DECRYPT.txt
1888	*.gero
1889	*.makkonahi
1890	ryukreadme.html
1891	*.\[gustafkeach@johnpino.com\].ad
1892	*.lbiaf6c8
1893	*.nemty
1894	*.stare
1895	SGUARD-README.TXT
1896	*.sguard
1897	*.Qtyu8vH5wDXf6OSWAm5NuA==ObcK
1898	*.ObcKIn
1899	*.Lazarus
1900	. vesrato
1901	*.masodas
1902	*.vesrato
1903	*.nuksus
1904	.KARLOS
1905	*.pedro
1906	*.id\[********-1161\].\[member987@tutanota.com\].actin
1907	*.{25BF1879-A2DC-B66A-3CCC-XXXXXXXXXXXX}
1908	*.\[mr.yoba@aol.com\].yoba
1909	*.{Help557@gmx.de}.exe
1910	*.id_*********_.WECANHELP
1911	*.\[grethen@tuta.io\]
1912	*.2k19
1913	*.nacro
1914	*.Horse4444
1915	*.Tiger4444
1916	*.nasoh
1917	*.coharos
1918	*.mtogas
1919	*.krusop
1920	*.partially.cryptojoker
1921	*.id\[C4BA3647-2271\].\[worldofdonkeys@protonmail.com\].BORISHORSE
1922	*.\[ID-\]\[\].JSWRM
1923	*.BORISHORSE
1924	*.OQn1B
1925	*.rjzR8
1926	*.londec
1927	*.AVco3
1928	*.08kJA
1929	*.Hermes666
1930	*.Acton.id\[1AE26935-1085\].\[hadleeshelton@aol.com\].Acton
1931	*.auw2w2g0
1932	*.megacortex
1933	*.id\[RandomIP\].\[bron_lynn@aol.com\].help
1934	*.Prandel
1935	*.zatrov
1936	*.Wx7A6
1937	*.syrk
1938	*.brusaf
1939	*.masok
1940	*.junior
1941	*.lotej
1942	*.Novosof
1943	*.sinopal
1944	*@cumallover.me*
1945	*.com2
1946	*.emsisosisoft
1947	*.daris
1948	NEWS_INGiBiToR.txt
1949	*.GRANIT
1950	*.rsalive
1951	*.format
1952	*.bgCIb
1953	*.cosakos
1954	*.nvetud
1955	*.kovasoh
1956	*.nelasod
1957	*.tsv
1958	*.Acuf2
1959	*.mogranos
1960	*.si…
1961	*.Hades666
1962	GNNCRY_Readme.txt
1963	*RT4BLOCK
1964	*.prus
1965	*.a800
1966	*.c300
1967	payload.dll
1968	HOW-TO-DECRYPT-FILES.HTM
1969	*.{XXXXX-EFEE-6C04-D2DC-A9EFA812DD11}!
1970	*.LOVE
1971	\[*\]-HOW-TO-DECRYPT.txt
1972	#_#ReadMe#_#.rtf
1973	x5gj5_gmG8.log
1974	*.litra
1975	*.TROLL
1976	*.lalabitch
1977	*.ntu
1978	*.TABGH
1979	*.banjo
1980	*.ntuseg
1981	*.\[epta.mcold@gmail.com\]
1982	*.btchelp@xmpp.jp
1983	*.ndarod
1984	*.sambo
1985	*.WALAN
1986	*.limbo
1987	*.actor
1988	*.bk666
1989	*.azero
1990	.plomb
1991	*.AYE
1992	.id-*.\[*@*\].air
1993	*.id-*.\[*@*\].*
1994	*.rencrypted
1995	*.MDRL
1996	*.btix
1997	*.dodoc
1998	*.bopador
1999	*.novasof
2000	.bxtyunh
2001	*.ERIS!
2002	*.lilocked
2003	*.haka
2004	*.Persephone666!
2005	*.megac0rtx
2006	*.Hades666!
2007	.zerofucks
2008	*.darus
2009	*.lurk
2010	*.{XXXXXXX-588E-7D5B-AED1-2CD51808DE12}
2011	*.madekv120
2012	*.sfs
2013	*.todar
2014	*.lapoi
2015	*.madek
2016	*.gusau
2017	*.diller13
2018	*.gehad
2019	*.vusad
2020	*.berosuce
2021	*.budak
2022	*.Adame
2023	*.YOUR_LAST_CHANCE
2024	_RESTORE FILES_.txt
2025	*.\[Kromber@tutanota.com\]
2026	*.SKYSTARS
2027	*.godes
2028	*.herad
2029	HOW_TO_DECRYPT.txt
2030	*.Pox
2031	*.mo7n
2032	*.shelbyboom
2033	.megac0rtx
2034	.\[ogorman.linoel@aol.com\].help
2035	*.basilisque@protonmail_com
2036	*.cizer
2037	*.dqb
2038	*.ExpBoot
2039	*.ExpBoot!
2040	*.CROWN!\?
2041	*.o$l
2042	*.CROWN
2043	*.WHY…
2044	*.61yhi
2045	*.Acton
2046	*.cezor
2047	*.upd9ykc65v
2048	*.KICK
2049	*.popoticus
2050	*.lokas
2051	*.cs16
2052	*.wav_list
2053	*.cxk_nmsl
2054	*.boooam@cock_li
2055	*.actin
2056	*.besub
2057	*.CAGO
2058	*.litar
2059	*.isolated
2060	*.dcom
2061	*.alilibat
2062	*.Freezing
2063	*.acute
2064	*.1500dollars
2065	*.chekyshka
2066	*.popotic
2067	*.nusar
2068	*.craftul
2069	*.beets!Ransom
2070	*.lotep
2071	*.adage
2072	*.truke
2073	*.Amigo
2074	*.dmo
2075	*.cbs0z
2076	*.dalle
2077	*.hccapx
2078	*.WALAN,
2079	*.cap
2080	*.litra!Sample
2081	*.TROLL,
2082	*.neras
2083	*.DOCM!Sample
2084	*.COPAN
2085	*.middleman2020
2086	*.lcphr!Ransom
2087	*.lcphr
2088	.6vr378txi
2089	*.orion
2090	*.crypted!Sample
2091	*.bliun
2092	*.poof
2093	*.0day
2094	*.horon
2095	*.poop
2096	*.vesad
2097	*.zoh
2098	*.jsworm
2099	JSWORM-DECRYPT.hta
2100	*.gerosan
2101	*.muslat
2102	*.boston
2103	*.myskle
2104	*.pidom
2105	*.euclid
2106	*.heroset
2107	*.pidon
2108	*.kjh
2109	*.ERIS
2110	*.robbinhood
2111	*.\[frazeketcham@cnidia.com\].eth.hv88g2
2112	*.SONIC
2113	*.luboversova148
2114	*.lanset
2115	*.redmat
2116	*.dodger
2117	*.stone
2118	*.3674AD9F-5958-4F2A-5CB7-F0F56A8885EA
2119	*.harma
2120	*.\[randal_inman@aol.com\].help
2121	*.rezuc
2122	*.2du1mj8
2123	*.FEROSUS
2124	*.hjgdl
2125	*.2k19sys
2126	*.mogera
2127	*.Hermes
2128	*.skymap
2129	*.\[lockhelp@qq.com\].gate
2130	*.legacy
2131	*.datun
2132	*.rectot
2133	les#.TXT
2134	*.les#
2135	*.EZDZ
2136	*.open_readme.txt.ke3q
2137	*.ke3q
2138	*.ONYC
2139	*.NHCR
2140	*ymayka-email@yahoo.com.cryptotes
2141	*.\[Enigma1crypt@aol.com\].ETH
2142	*.\[DonovanTudor@aol.com\].bat
2143	*.\[SSSDKVNSDFITD\]
2144	*.Pig4444
2145	*.bmn63
2146	*.\[bitcharity@protonmail.com\].com
2147	*.\[costelloh@aol.com\].phoenix
2148	*\[remarkpaul77@cock.li\].JSWORM
2149	*.\[crypt1style@aol.com\].MERS
2150	*.n7ys81w
2151	*.jack
2152	*.ge010gic
2153	*.codnet1
2154	.codnat1
2155	*.codnet
2156	.codnat
2157	*.ferosas
2158	RESTORE_HCEEM_DATA.txt
2159	READ_ME.mars
2160	*.hceem
2161	*.vally
2162	*.mars
2163	Instructions with your files.txt
2164	*.refols
2165	*.carcn
2166	*.yum
2167	_CRYPTED_README.html
2168	*.ms13
2169	*.grovat
2170	ReadME-Prodecryptor@gmail.com.txt
2171	*.Mira
2172	*.Prodecryptor
2173	*.+jabber-theone@safetyjabber.com
2174	*.hrosas
2175	!QH24_INFO!.rtf
2176	*.QH24
2177	*.bkc
2178	*.mers
2179	*.wal
2180	*.recry1
2181	*.qbix
2182	*.aa1
2183	*.zoro
2184	Инструкция по расшифровке.TXT
2185	*.kes$
2186	*.condat
2187	*.dotmap
2188	*.4k
2189	*.ge0l0gic_readme.txt
2190	*.mamba
2191	*.ge0l0gic
2192	*.ddos
2193	Locked.*
2194	.PLUT
2195	.jack
2196	HowToBackFiles.txt
2197	DECRYPT-FILES.html
2198	*.non
2199	!!!INSTRUCTION_RNSMW!!!.txt
2200	*.drweb
2201	*.qbtex
2202	*.yG
2203	*.radman
2204	*.\[epta.mcold@gmail.com\],
2205	!INSTRUCTI0NS!.TXT
2206	*.666decrypt666
2207	*Decryptoroperator@qq.com
2208	*.ztsysjz
2209	*.lockhelp@qq.gate
2210	Decryptyourdata@qq.com
2211	*.\[w_unblock24@qq.com\].ws
2212	\[Lockhelp@qq.com\].Gate
2213	*.GGGHJMNGFD
2214	*.OOOKJYHCTVDF
2215	.eth
2216	*.PLUT
2217	*.bufas
2218	*.codnat1
2219	*.codnat
2220	*.fordan
2221	*.\[blellockr@godzym.me\].bkc
2222	.nampohyu
2223	*.berost
2224	*.forasom
2225	*.{Killback@protonmail.com}KBK
2226	*.fedasot
2227	*.\[staRcRypt@tutanota.com\].omerta
2228	*.sarut
2229	*.Navi
2230	*.dutan
2231	*.aes128ctr
2232	*.roldat
2233	*.hofos
2234	*.cheetah
2235	*.todarius
2236	*.FREDD
2237	*.Kiratos
2238	*.enc_robbinhood
2239	*.jzphmsfs
2240	*.\[zoro4747@gmx.de\].zoro
2241	*.verasto
2242	READ_ME.cube
2243	*.sambo,
2244	HELP_BY_CROC.TXT
2245	*.LDPR
2246	warning.txt
2247	*.guesswho
2248	*.moresa
2249	*.burn
2250	*.robinhood
2251	*.COLORIT
2252	*.SAVEYOURDATA
2253	*.aescrypt
2254	_HELP_INSTRUCTIONS_.TXT
2255	*lockhelp@qq.com
2256	*.Ryuk
2257	*.croc
2258	*.norvas
2259	*.\[absonkaine@aol.com\].phoenix
2260	*.CRABSLKT
2261	*.gotcha
2262	*.cube
2263	*.SDEN
2264	*.obagarmrk
2265	*.tater
2266	*.pumas
2267	*.browec
2268	*.hdeaf
2269	*.guvara
2270	*.tabufa
2271	*.tokog
2272	*.fuchsia
2273	*.etols
2274	*.\[velasquez.joeli@aol.com\]
2275	*.gate
2276	*.langolier
2277	*.spyhunter
2278	*.cryptoid
2279	*.\[adobe-123@tutanota.com\].ETH
2280	*.Jumper
2281	*.major
2282	*.raldug
2283	*.phoenix
2284	*.gropas
2285	*.wannacash
2286	*.NGSC
2287	*.bmps@tutanota.com.major
2288	*._Crypted
2289	*.roland
2290	*.NOLOST
2291	*.Marozka
2292	*.encryptedALL
2293	*.stun
2294	*.grovas
2295	*.trosak
2296	*.tronas
2297	*.JLCW2
2298	*.\[thedecrypt111@qq.com\].ETH
2299	*.drume
2300	*.securityP
2301	*.YYYYBJQOQDU
2302	ENCRYPTED.TXT
2303	*.MDEN
2304	README_LOCKED.txt
2305	README-NOW.txt
2306	*.locker
2307	*.proden
2308	*.CQQUH
2309	*\[p4d@tuta.io\].com
2310	*.luceq
2311	*.chech
2312	*.\[mrpeterson@cock.li\].GFS
2313	*.suffer
2314	*.инструкция по оплате.txt
2315	*.metan
2316	*.kezoz
2317	*.luces
2318	*.doples
2319	*.pdf_Axffyq_{babyfromparadise666@gmail.com}.p3rf0rm4
2320	*.pdf.p3rf0rmr
2321	*.{CALLMEGOAT@PROTONMAIL.COM}CMG
2322	*.\[amber777king@cock.li\].amber
2323	*.L1LL
2324	*.charcl
2325	*.UIK1J
2326	*.kropun
2327	*.jimm
2328	*.klope
2329	*.\[payransom@qq.com\].adobe
2330	*.jamper
2331	---README---.TXT
2332	*.\[w_decrypt24@qq.com\].zq
2333	*.Scorpion
2334	*.pulsar1
2335	*.charck
2336	*.kroput1
2337	*.\[btccrypthelp@cock.li\].ETH
2338	*.\[1701222381@qq.com\].ETH
2339	*.\[decryptprof@qq.com\].ETH
2340	*.\[decryptmyfiles@qq.com\].ETH
2341	*.\[helpfilerestore@india.com\].ETH
2342	*.\[MailPayment@decoder.com\].ETH
2343	*.Blower@india.com
2344	*.bRcrypT
2345	*.GILLETTE
2346	*.yatron
2347	*.kroput
2348	*.\[plombiren@hotmail.com\].plomb
2349	Restore_ICPICP_Files.txt
2350	HOW-TO-RESTORE-FILES.txt
2351	!#_How_to_decrypt_files_$!.txt
2352	_如何解密我的文件_.txt
2353	How to decrypt.txt
2354	*.\[help24decrypt@cock.li
2355	*.Neptune
2356	*.{mattpear@protonmail.com}
2357	*.promorad2
2358	*.andymarvin
2359	*.mamasitaq
2360	*.cockista
2361	*.crabs
2362	*.dy8wud
2363	*.\[china-decryptor@pm.me\]
2364	*.kitty
2365	*.CIOP
2366	*.pfanz
2367	*.jcry
2368	*.evopro
2369	*.{mattpear@protonmail.com}MTP
2370	*.Annabelle2
2371	*.\[help24decrypt@cock.li\]
2372	*.promock
2373	*.promorad
2374	HOW TO DECRYPT\[1T0tO\].txt
2375	!_!email__ prusa@goat.si __!..PAYMAN
2376	!SBLOCK_INFO!.rtf
2377	*.Frendi
2378	инструкция по оплате.txt
2379	how_to_recver_files.txt
2380	*.aqva
2381	!#_How_to_decrypt_files_#!
2382	SECURITY-ISSUE-INFO.txt
2383	! ПРОЧТИ МЕНЯ !.html
2384	*.cammora
2385	*.SBLOCK
2386	*.promoz
2387	*.crazy
2388	*.ARTEMY
2389	*.rontok
2390	*.crypt2019
2391	*.\[crypted_files@qq.com\].aqva
2392	*.BlackPink
2393	*.id.*.crazy
2394	!GBLOCK_INFO.rtf
2395	*.GBLOCK
2396	*.cekisan
2397	*.promos
2398	*.seed
2399	*.jupstb
2400	*.KARLS
2401	!PEDANt_INFO!.rtf
2402	*.mecury
2403	*.PLANT
2404	#HELP-DECRYPT-FCRYPT1.1#.txt
2405	*.infileshop@gmail_com_ID44
2406	*.shadi
2407	*.dedo
2408	*.help24decrypt@qq.com
2409	*.\[raphaeldupon@aol.com\].ETH
2410	*.PEDANT
2411	*.Encrypted5
2412	*.Gefest3
2413	ClopReadMe.txt
2414	*.frend
2415	*.amber
2416	!!!READ_IT!!!.txt
2417	Readme_Restore_Files.txt
2418	Your files are now encrypted.txt
2419	HOW_TO_DECRYPT_MY_FILES.txt
2420	*.snake4444
2421	*.\[drwho888@mail.fr\].888
2422	*.FCrypt
2423	*.Clop
2424	*.fastrecovery.xmpp.jp
2425	*.poyvonm
2426	*.crypted_pony_test_build_xxx_xxx_xxx_xxx_xxx
2427	*.FileSlack
2428	*.pluto
2429	*.paycoin
2430	*.blower
2431	*.nosafe
2432	*.tuki17@qq.com
2433	*.secure
2434	*.crypted_pony_test_build*
2435	*.YOLO
2436	*.qwex
2437	*.DESYNC
2438	*.crash
2439	*.pennywise
2440	*.888
2441	*.*GEFEST
2442	*adobe.gefest
2443	*.OOFNIK
2444	*.\[welesmatron@aol.com\].btc
2445	*.Mcafee
2446	*.mbrcodes
2447	*.UNIT09
2448	*.Xcri
2449	*.telebak
2450	*.\[buy-decryptor@pm.me\]
2451	*.adobee
2452	*.mafee
2453	*.\[writehere@qq.com\].btc
2454	*.GEFEST
2455	CRYPTOID_*
2456	*.PC-FunHACKED*
2457	TrumpHead.exe
2458	!README_GRHAN!.rtf
2459	*.ppam
2460	*.vaca
2461	*.heets
2462	*.alien
2463	*.SPCT
2464	anatova.txt
2465	anatova.exe
2466	170fb7438316.exe
2467	CallOfCthulhu.exe
2468	*.cripton
2469	*.GMBN
2470	*.ddpcbi
2471	*.\[Traher@Dr.Com\]
2472	*.2lwnPp2B
2473	*\[gomer_simpson2@aol.com\].phobos
2474	*._raphaeldupon@aol.com_.btc
2475	*.RENSENWARE
2476	*.rumba
2477	*.AUF
2478	*.Tfudeq
2479	*.tfudet
2480	*.JAMES
2481	*.sdwwbrb
2482	*.ucftz*
2483	*.xcry7684
2484	*.eddldzor
2485	*.hncdumn
2486	*.g^od
2487	*.ezzyl
2488	*.jundmd@cock.li*
2489	*.obfuscated
2490	*.rsucozxze
2491	*.mdk4y
2492	*.GRHAN
2493	*.zzzzzzzz
2494	*.bvjznsjlo
2495	*.sjjpu
2496	*.djuvq
2497	*.djvup
2498	*.djvut
2499	*.djvur
2500	*.djvus
2501	*.uudjvu
2502	*.udjvu
2503	*djvuu
2504	*.tfude
2505	*.tro
2506	*{alexbanan@tuta.io}.CORP
2507	.\[ti_kozel@lashbania.tv\].*
2508	#RECOVERY_FILES#.txt
2509	*id-.LyaS
2510	$%%! NOTE ABOUT FILES -=!-.html
2511	*__{}.VACv2
2512	*.pdff
2513	*.djvuq
2514	*.INDRIK
2515	*.recovery_email__retmydata@protonmail.com__*_.aes256.testE
2516	*.artilkilin@tuta.io.wq2k
2517	*.recovery_email_\[retmydata@protonmail.com\]*.aes256
2518	*.vulston
2519	*.SATANA
2520	*\[decryptdata@qq.com\].rar
2521	*.to.dernesatiko@mail.com.crypted
2522	*.ryx
2523	*.\[ti_kozel@lashbania.tv\].костя
2524	*.nostro
2525	*.\[Unlock24@cock.li\].combo
2526	*.mouse
2527	*.snatch
2528	*.bizer
2529	*.tunca
2530	*.\[decrypthelper@protonmail.com\].phobos
2531	*.locked_by_mR_Anonymous(TZ_HACKERS)
2532	*.ducueyuav
2533	*.oslawcmme
2534	*.Защищено
2535	*.Djvuu
2536	*.PRCP
2537	*.\[backtonormal@foxmail.com\].adobe
2538	*.WORMCRYPT0R
2539	*.evolution
2540	*.cmsnwned
2541	*.ironhead
2542	*.ktuhzxpi
2543	*.elpvd
2544	*.kali
2545	*.Mercury
2546	*.\[avflantuheems1984@aol.com\].adobe
2547	*.FJ7QvaR9VUmi
2548	*.gerber5
2549	*.CRYPTR
2550	*.XY6LR
2551	cmdRansomware.*
2552	#RECOVERY_FILES#.*
2553	*.decryptgarranty
2554	_How to restore files.*
2555	_How_To_Decrypt_My_File_.*
2556	*.lucky
2557	*.PERSONAL_ID*
2558	*.garcewa
2559	*.danger
2560	*.israbye
2561	*.\[fileslocker@pm.me\]
2562	*.greystars@protonmail.com
2563	*.iaufhhhhfiles_BACK_PLS_READ.html
2564	*.iaufhhhfiles_BACK_PLS_READ.html
2565	*.hilegofprencrp
2566	*.wowreadfordecry
2567	*.btc -help-you
2568	*.checkdiskenced
2569	*.iloveworld
2570	*.goforhelp
2571	*.encmywork
2572	*.\[parambingobam@cock.li\].adobe
2573	*.\[mercarinotitia@qq.com\].adobe
2574	*.crypted_bizarrio@pay4me_in
2575	*.DeLpHiMoRiX*
2576	*.malwarehunterteam
2577	*.demonslay335_you_cannot_decrypt_me!
2578	*.peosajwqfk
2579	*.online24files@airmail.cc
2580	*.risk
2581	*.\[cyberwars@qq.com\].war
2582	*.stevenseagal@airmail.cc
2583	*.myjob
2584	*.lolita
2585	*snowpicnic*
2586	*SIMMYWARE*
2587	how to get back you files.txt
2588	*.cccmn
2589	aboutYourFiles.*
2590	*wall.i
2591	#RECOVERY-PC#.*
2592	!-GET_MY_FILES-!.*
2593	@_RESTORE-FILES_@.*
2594	*.Puma
2595	*.\[yoursalvations@protonmail.ch\].neverdies@tutanota.com
2596	*.kraussmfz
2597	*.PUMAX
2598	*.anami
2599	*.449o43
2600	*.DeLpHiMoRiX!@@@@_@@_@_2018_@@@_@_@_@@@
2601	*.\[stopencrypt@qq.com\].adobe
2602	*.Enter
2603	*.betta
2604	*.INFOWAIT
2605	*.FIXT
2606	*.fire
2607	*.Horsuke
2608	*.Vapor
2609	*.ispfv
2610	*.Bear
2611	*.EnyBenied
2612	*.BlackHat
2613	*.Epoblockl
2614	*.DATAWAIT
2615	*.010001
2616	*.AUDIT
2617	*.\[papillon9275\]
2618	*.UKCZA
2619	*.YIAQDG
2620	*.CQXGPMKNR
2621	*.HHFEHIOL
2622	*.GrujaRS
2623	*.xuy
2624	*.crypted034
2625	*.FilGZmsp
2626	*.krzffw
2627	*.impect
2628	*.fast
2629	*.Ox4444
2630	*.6db8
2631	*.PTGEPVEKM
2632	*.adobe
2633	*.JKOUOGVG
2634	*.mariacbc
2635	*.supportfiless24@protonmail.ch
2636	*.SYMMYWARE
2637	*.vendetta2
2638	*.xxxxx
2639	*.CommonRansom
2640	*.crypt888
2641	*.gdb
2642	*.wewillhelp@airmail.cc
2643	*.WAND
2644	*.\[everest@airmail.cc\].EVEREST
2645	*.FUNNY
2646	*.vanss
2647	*.SANTANA
2648	*.NOT
2649	*.beer
2650	*.SOLO
2651	*.GMPF
2652	*.W0YR8
2653	*.charm
2654	*.birbb
2655	TOTALLYLEGIT.EXE
2656	*.altdelete@cock.li.district
2657	*.ctrlalt@cock.li.district
2658	*.THDA
2659	*.katyusha
2660	*.LGAWPULM
2661	*.\[mixon.constantine@aol.com\].gamma
2662	*.101
2663	*.zlpzdel
2664	*.junked
2665	*.DQXOO
2666	*.NOBAD
2667	*.garrantydecrypt
2668	*.BAWSUOOXE
2669	*.Kg9EX
2670	*.EMAN50
2671	*.\[crab7765@gmx.de\].crab
2672	!!!ReadMeToDecrypt.txt
2673	*.qweuirtksd
2674	#README_GMAN#.rtf
2675	!README_GMAN!.rtf
2676	*.GMAN
2677	*.boost
2678	*.ziqzqzdi
2679	52036F92.tmp
2680	*.FFF
2681	*.911
2682	*.2xx9
2683	*.@decrypt_2017
2684	(encrypted)*
2685	*zn2016
2686	#HOW_DECRYPT_FILES#.html
2687	!back_files!.html
2688	*.Bill_Clinton@derpymailorg
2689	*.nWcrypt
2690	*.needkeys
2691	*.YAYA
2692	*.write_on_email
2693	*.needdecrypt
2694	*.0402
2695	*.NIGGA
2696	HOW_DECRYPT_FILES#.html
2697	*.eQTz
2698	*.aRpt
2699	*.3P7m
2700	*.3RNu
2701	*.rpd
2702	*.\[oron@india.com\].dharma
2703	HOW TO RECOVER ENCRYPTED FILES-infovip@airmail.cc.TXT
2704	READ_TO_DECRYPT.html
2705	*.\[embrace@airmail.cc\].embrace
2706	*\[Beamsell@qq.com\].bip
2707	*\[files.restore@aol.com\].write
2708	#NEWRAR_README#.rtf
2709	Files encrypted.html
2710	*.backup
2711	*\[java2018@tuta io\].arrow
2712	!OoopsYourFilesLocked!.rtf
2713	*\[RELOCK001@TUTA.IO\]
2714	*.\[btc@fros.cc\].btc
2715	How To Restore Files.txt
2716	*.bgtx
2717	Info.hta
2718	FILES ENCRYPTED.txt
2719	*.DHDR4
2720	*.crypted_marztoneb@tutanota_de
2721	YOU_MUST_READ_ME.rtf
2722	*How to Decrypt Files-*.html
2723	*.BaLoZiN
2724	*.RJZUNA
2725	*@LOCKED
2726	*.EMAN
2727	*.firmabilgileri
2728	*-DECRYPT.txt
2729	*.iudgkwv
2730	*.\[notopen@countermail.com\].NOT_OPEN
2731	ReadMe_Decryptor.txt
2732	!_HOW_RECOVERY_FILES_!.txt
2733	READ__IT.txt
2734	*.f*cked
2735	*-DECRYPT.html
2736	*.\[paydecryption@qq.com\].brrr
2737	*.spaß
2738	*.olduw
2739	*.yoewy
2740	*.BDKR
2741	*.onlinesupport
2742	*.anonymous
2743	*.bkp
2744	*.ryk
2745	*.skype
2746	*.CHE808
2747	*.parrot
2748	*.monro
2749	*.NOT_OPEN
2750	*.no_more_ransomware
2751	*.gamma
2752	*.brrr
2753	*.Nano
2754	*.ITLOCK
2755	*.SAVEfiles
2756	*.mvp
2757	*.hitler
2758	*.mammon
2759	*.SLAV
2760	*.davilarita@mail.com.yyy0
2761	*\[shivamana@seznam.cz\].pip
2762	*.KOK08
2763	*.eoeo
2764	*.FASTBOB
2765	*.lockymap
2766	*.NEWRAR
2767	*.cryptoNar
2768	*.partially.cryptoNar
2769	*.PICO
2770	*.CYBERGOD
2771	*.rcrypted
2772	*.kvllyatprotonmaildotch
2773	*.KOK8
2774	*.fsdfsdfsdfsdfsdfsfdsfs
2775	How To Decode Files.hta
2776	*.BadNews
2777	*.cassetto
2778	*.sophos
2779	*.{incredible0ansha@tuta.io}.ARA
2780	*.\[backdata@cock.li\].CreamPie
2781	*.FuckedByGhost
2782	*.#__EnCrYpTED_BY_dzikusssT3AM_ransomware!__#
2783	*.lockedfile
2784	*.WHY
2785	*.AlfaBlock
2786	# How to Decrypt Files.txt
2787	*-Lock.onion
2788	*.PrOtOnIs.VaNdElIs
2789	*.PrOtOnIs
2790	*.Armage
2791	*.rent
2792	*.fox
2793	*.pleaseCallQQ
2794	*.lockedgood
2795	*.hacked.by.Snaiparul
2796	*.ShutUpAndDance
2797	*.K8VfiZ
2798	*.G8xB
2799	*.cmb
2800	*.b29
2801	*.poolezoor
2802	*.id-*.cmb
2803	*.KEYPASS
2804	*.doubleoffset
2805	*.tedcrypt
2806	!=How_to_decrypt_files=!.txt
2807	*.divine
2808	*.wannacryv2
2809	*.anonimus.mr@yahoo.com
2810	*.dragnea
2811	*.RECOVERYOURFILES
2812	*.invaded
2813	*.incpas
2814	*.BARRACUDA
2815	*.sdk
2816	*.cryptes
2817	*.like
2818	*.ukrain
2819	*.dfjhsalfhsakljfhsljkahfdjklashfdjklh
2820	*.black007
2821	*.combo
2822	*.adapaterson@mail.com.mkmk
2823	*0nl1ne*
2824	*.locked.zip
2825	*.boris
2826	*.powerfuldecrypt
2827	*.predator
2828	*.XERO
2829	*.HYENA
2830	*.BD.Recovery
2831	*.zzz12
2832	*king_ouroboros*
2833	*.dyaaghemy
2834	*.\[firmabilgileri@bk.ru\]
2835	*.DATASTOP
2836	*.thunder
2837	*.LanRan*
2838	*.deep
2839	*.TaRoNiS
2840	*.desu
2841	*.SHRUG2
2842	*.\[thunderhelp@airmail.cc\].thunder
2843	*.LanRan2.0.5
2844	*.\[dsupport@protonmail.com\]
2845	*.jewsomware
2846	*.\[Filesreturn247@gmx.de\].lock
2847	*.##___POLICJA!!!___TEN_PLIK_ZOSTA
2848	*.animus
2849	*.\[evil@cock.lu\].EVIL
2850	*.\[mrbin775@gmx.de\].bin
2851	*.DATA_IS_SAFE_YOU_NEED_TO_MAKE_THE_PAYMENT_IN_MAXIM_24_HOURS_OR_ALL_YOUR_FILES_WILL_BE_LOST_FOREVER_PLEASE_BE_REZONABLE_IS_NOT_A_JOKE_TIME_IS_LIMITED
2852	*.XVNAW
2853	*.24H
2854	*.\[eV3rbe@rape.lol\].eV3rbe
2855	*.SHRUG
2856	*.KUAJW
2857	*.\[btc2018@tutanota.de\].meduza
2858	*.coder007@protonmail.com
2859	*\[qmqtt@protonmail.ch\].HRM
2860	*\[qrrqtt@protonmail.ch\].HRM
2861	*.choda
2862	*.ransomcrypt
2863	FILES.TXT
2864	*.nozelesn
2865	*.KRAB
2866	*.Aurora
2867	*.bomber
2868	*.BtcKING
2869	*.CyberSCCP
2870	*.ssimpotashka@gmail.com
2871	*.PAY_IN_MAXIM_24_HOURS_OR_ALL_YOUR_FILES_WILL_BE_PERMANENTLY_DELETED_PLEASE_BE_REZONABLE_you_have_only_1_single_chance_to_make_the_payment
2872	*@cock.email
2873	*.recme
2874	*.king_ouroboros*
2875	*.omerta
2876	*.\[XAVAX@PM.ME\].omerta
2877	*.donut
2878	*.volcano
2879	*.jungle@anonymousspechcom
2880	*.Alkohol
2881	*.oneway
2882	*.ONYX
2883	*.fastsupport@xmpp.jp
2884	*.BIG4+
2885	*.leen
2886	*.horsuke@nuke.africa
2887	*.DiskDoctor
2888	*.qnbqw
2889	*.ssananunak1987@protonmail.com.b2fr
2890	*.codyprince92@mail.com.ovgm
2891	*.fastrecovery@airmail.cc
2892	*.reycarnasi1983@protonmail.com.gw3w
2893	*.billingsupp
2894	*.ndpyhss
2895	*.SF
2896	*.digiworldhack@tutanota.com
2897	RESTORE-SIGRUN.*
2898	*id-*.BI_ID
2899	*.cryptgh0st
2900	*.emilysupp
2901	*.RedEye
2902	*.AdolfHitler
2903	*.crybrazil
2904	*.infovip@airmail.cc
2905	*.REBUS
2906	filesinfo.txt
2907	!!!!RESTORE_FILES!!!.txt
2908	*.insta
2909	*.CONTACTUS
2910	*.osk
2911	*.\[pain@cock.lu\].pain
2912	*.embrace
2913	Decoding help.hta
2914	*.karne
2915	*.setimichas1971@protonmail.com.b4wq
2916	*.decodeme666tutanota_com
2917	*.josep
2918	*.decodeme666@tutanota_com
2919	*.cdrpt
2920	*.SEPSIS
2921	*.ransomed@india.com
2922	*.sigrun
2923	*.booknish
2924	*.bip
2925	*.\[Sepsis@protonmail.com\].SEPSIS
2926	*.MTXLOCK
2927	*.RansomAES
2928	*.PAUSA
2929	*.hac
2930	*.\[BaYuCheng@yeah.net\].china
2931	*.UselessFiles
2932	*.GrAnoSinSa
2933	*.rand
2934	HOW DECRIPT FILES.hta
2935	*.kcwenc
2936	*.mich
2937	*.OBLIVION
2938	*.cryptfile
2939	*.BlackRouter
2940	*.pay2me
2941	*.Satyr
2942	*.sorry
2943	*.tron
2944	*.sky
2945	*.NMCRYPT
2946	*@tutanota.com\]
2947	*@tuta.io\]
2948	*.Horros
2949	*.LolSec
2950	Perfect.sys
2951	*.d3g1d5
2952	*.excuses
2953	*.cock.email
2954	*.MOLE66
2955	*.*.sell
2956	UselessDisk.exe
2957	*.EGG
2958	*.JFCWF
2959	wormDll*.dll
2960	ScreenLocker_x86.dll
2961	SsExecutor_x86.exe
2962	Spreader_x86.dll
2963	tabDll*.dll
2964	Zenis-*.*
2965	*.xwz
2966	*.Stinger
2967	0000-SORRY-FOR-FILES.html
2968	READ_ME_HELP.png
2969	READ_ME_HELP.txt
2970	*.\[restorehelp@qq.com\].java
2971	*.FRS
2972	Zenis-Instructions.html
2973	*.\[batmanbitka1@cock.li\].arena
2974	*.koreaGame
2975	*.improved
2976	*.\[volcano666@tutanota.de\].volcano
2977	*@adsoleware.com*
2978	*.kwaaklocked
2979	_XiaoBa_Info_.hta
2980	*.XiaoBa
2981	*.cypher
2982	*.bananaCrypt
2983	*BlockBax*
2984	ownertrust.txt
2985	qwerty-pub.key
2986	*.igza4c
2987	*.Nutella
2988	*.\[everbe@airmail.cc\].everbe
2989	*.Sil3nt5pring
2990	*.Crab
2991	*.jodis
2992	*.jes
2993	*.Bitconnect
2994	*.arrow
2995	*.contact-me-here-for-the-key-admin@adsoleware.com
2996	*.leenapidx
2997	*.creeper
2998	*.Encrypted\[BaYuCheng@yeah.net\].XiaBa
2999	*.styver
3000	*.leenapidx@snakebite.com.hrhr
3001	*.YOU-ARE-FUCKED-BY-BALILUWARE-(CODED-BY-HEROPOINT)
3002	*.frmvrlr2017
3003	*.SUSPENDED
3004	Restore Files.TxT
3005	*.ANNABELLE
3006	*.messenger-*
3007	*.\[ID62133703\]
3008	*.nazcrypt
3009	*.THANATOS
3010	*.ransomwared
3011	*.saturn
3012	*.干物妹！
3013	*.happyness
3014	*\[ignatevv330@gmail.com\].java
3015	*fuga139gh@dr.com*
3016	*.Tornado
3017	*.david
3018	*.defender
3019	*.blank
3020	matrix-readme.rtf
3021	WhatHappenedWithFiles.rtf
3022	WhatHappenedWithMyFiles.rtf
3023	Readme-Matrix.rtf
3024	#_#WhatWrongWithMyFiles#_#.rtf
3025	*_\[LINERSMIK@NAVER.COM\]\[JINNYG@TUTANOTA
3026	*.honor
3027	*.twist
3028	*ReadMe_Decryptor.txt
3029	.\[decryptor@cock.li\].dcrtr
3030	*.blackruby
3031	*.justice
3032	*.adam
3033	*...Files-Frozen-NEED-TO-MAKE-PAYMENT…
3034	*.\[GuardBTC@cock.li\].java
3035	*.bunny
3036	*.lockme
3037	*.DREAM
3038	*.same
3039	*.write
3040	*.b89b
3041	*.GDCB
3042	*.\[decrypthelp@qq.com\].java
3043	*.block
3044	*.DEUSCRYPT
3045	*.notfoundrans
3046	*.howcanihelpusir
3047	*.happenencedfiles
3048	*.AreYouLoveMyRansFile
3049	*.country82000
3050	*.insane
3051	*.qwerty
3052	*.LOCKED_BY_pablukl0cker
3053	*.\[insane@airmail.cc\].insane
3054	*.velso
3055	*.\[stopstorage@qq.com\].java
3056	*.\[bacon@oddwallps.com\].java
3057	*.PLANETARY
3058	*.CryptWalker
3059	*.Infinite
3060	*.\[satan2018@protonmail.com\].java
3061	*.LTML
3062	*.\[decodingfiles@tuta.io\].java
3063	*.kryptonite
3064	*.Server
3065	*.leon
3066	*.vrmrkz
3067	*.1btc
3068	*.\[Bas_ket@aol.com\].java
3069	*.id-02B52D6C.\[Bas_ket@aol.com\].java
3070	*.sysdown
3071	*.gigahertz
3072	*.rapid
3073	*.triple_m
3074	*.info
3075	*.weapologize
3076	*.tastylock
3077	*.blind2
3078	*.STOP
3079	*.wtf
3080	*.\[supp01@arimail.cc\].napoleon
3081	*.File
3082	*.\[pain@onefinedstay.com\].java
3083	*.godra
3084	*.maniac
3085	*.VENDETTA
3086	*.\[Hardcorrr@protonmail.com\].java
3087	*.\[Hardcorr@protonmail.com\].java
3088	*.satan
3089	*.fix
3090	*.GORILLA
3091	*.CHRISTMAS
3092	*.\[slaker@india.com\]*.wallet
3093	*.492
3094	*.Cyclone
3095	*.katipuneros
3096	*.styx
3097	*.RDWF
3098	*.wmfxdqz
3099	*.Work
3100	*.noblis
3101	*.DS335
3102	*.\[skeleton@rape.lol\].skeleton
3103	*.e4m
3104	*.encencenc
3105	*.executioner
3106	*.CerBerSysLocked0009881
3107	*.spider
3108	*.\[blind@cock.li\].blind
3109	*.0wn3dyou
3110	*.Frivolity
3111	*.lime
3112	*.\[paradisecity@cock.li\].arena
3113	_READ_ME_FOR_DECRYPT.txt
3114	*.\[amagnus@india.com\].wallet
3115	*.eTeRnItY
3116	*.bit
3117	*.dxjay
3118	*.dwbiwty
3119	*.xhspythxn
3120	*.fbuvkngy
3121	*.RansomMine
3122	*.MTC
3123	*.napoleon
3124	*.dlenggrl
3125	*.TEST
3126	*.GOTYA
3127	*.maxicrypt
3128	*.\[maxicrypt@cock.li\].maxicrypt
3129	*.encrptd
3130	*.vpgvlkb
3131	*.areyoulovemyrans
3132	*.shadow
3133	*.\[suupport@protonmail.com\].scarab
3134	*.cock.li
3135	*.aajf
3136	*.iGotYou
3137	*.Ipcrestore
3138	*.PHOBOS
3139	*.fairytail
3140	*.fucku
3141	*.basslock
3142	*.wdie
3143	*.wsmile
3144	*.wndie
3145	*.0000
3146	*.RASTAKHIZ
3147	*.PANDA
3148	*.BIG1
3149	*.TRUE
3150	*.am
3151	*.kill
3152	*.kimchenyn
3153	*.XZZX
3154	*.fat32
3155	*.##ENCRYPTED_BY_pablukl0cker##
3156	*aes_ni_gov
3157	*.aes_ni
3158	*.bloked
3159	*.cripted
3160	*.filesfucked
3161	*.cryptx*
3162	*.how_to_recover*.*
3163	*.help_restore*.*
3164	*.restore_fi*.*
3165	*.ukr.net*
3166	*.qq_com*
3167	Wo_sind_meine_Dateien.htm*
3168	*.fake
3169	*.cobra
3170	*\].block
3171	!!!GetBackData!!!.txt
3172	*.HRM
3173	*.skvtb
3174	*.game
3175	*.Losers
3176	*.gr3g
3177	*.oni
3178	*.sinta
3179	*.libbywovas@dr.com.gr3g
3180	*.xiaoba33
3181	*.xiaoba32
3182	*.xiaoba31
3183	*.xiaoba30
3184	*.xiaoba29
3185	*.xiaoba28
3186	*.xiaoba27
3187	*.xiaoba26
3188	*.xiaoba25
3189	*.xiaoba24
3190	*.xiaoba23
3191	*.xiaoba22
3192	*.xiaoba21
3193	*.xiaoba20
3194	*.xiaoba19
3195	*.xiaoba18
3196	*.xiaoba17
3197	*.xiaoba16
3198	*.xiaoba15
3199	*.xiaoba14
3200	*.xiaoba13
3201	*.xiaoba12
3202	*.xiaoba11
3203	*.xiaoba10
3204	*.xiaoba9
3205	*.xiaoba8
3206	*.xiaoba7
3207	*.xiaoba6
3208	*.xiaoba5
3209	*.xiaoba4
3210	*.xiaoba3
3211	*.xiaoba2
3212	*.XiaoBa1
3213	*.XiaoBa34
3214	*.colecyrus@mail.com.b007
3215	allcry_upx.exe
3216	*-PLIIKI.txt
3217	dispci.exe
3218	cscc.dat
3219	infpub.dat
3220	LEIA_ME.txt
3221	*.lordofshadow
3222	*.SaherBlueEagleRansomware
3223	*.\[MAXVISION@SECMAIL.PRO\].CRIPTOGRAFADO
3224	!____________DESKRYPT@TUTAMAIL.COM________.rar
3225	How_Decrypt_Files.hta
3226	*.Ordinal
3227	*.aes!
3228	READ_ME_FOR_DECRYPT_*.txt
3229	*.ihsdj
3230	*.kgpvwnr
3231	*.LIN
3232	*.CHAK
3233	*.Chartogy
3234	*.viiper
3235	*.x1881
3236	*.stroman
3237	*.asasin
3238	*.BUGWARE
3239	*.SENRUS17
3240	!! RETURN FILES !!.txt
3241	*.loveransisgood
3242	*.PayDay
3243	*.allcry
3244	*.lockd
3245	*.PRIVAT66
3246	*.SHARK
3247	005-DO-YOU-WANT-FILES.html
3248	*.#
3249	*.CyberSoldiersST
3250	*.wyvern
3251	*.technicy
3252	*.cyberdrill
3253	*.ZW
3254	*.myransext2017
3255	*.ykcol
3256	*.XmdXtazX.
3257	*.albertkerr94@mail.com.m5m5
3258	*.cryptojoker
3259	*.Doxes
3260	*.XmdXtazX
3261	*.blind
3262	*.Locked_file
3263	*.HeroesOftheStorm
3264	*.dian
3265	*.mind
3266	*.H_F_D_locked
3267	*.reaGAN
3268	*.INCANTO
3269	*.pablukCRYPT
3270	*.gocr
3271	*.revolution
3272	*.disposed2017
3273	*.armadilo1
3274	*.trevinomason1@mail.com.vsunit
3275	*.\[Brazzers@aolonline.top\].arena
3276	_RECoVERY_+*.*
3277	*.__dilmaV1
3278	*.hacked
3279	*.\[assistance@firemail.cc\].nuclear
3280	READ_THIS_FILE_1.TXT
3281	*.pnr
3282	*.{ljspqk7@aol.com}.BRT92
3283	*.ILLNEST
3284	*.OhNo!
3285	*.akira
3286	*..txt
3287	*.3nCRY
3288	*.clinTON
3289	RESTORE_INFO-*.txt
3290	*.BUSH
3291	*.\[black.world@tuta.io\].nuclear
3292	*.CryptedOpps
3293	*.crypt12
3294	*.OTR
3295	Important_Read_Me.txt
3296	*.JezRoz
3297	*.UNLIS
3298	*.granny
3299	*.shinigami
3300	*.PA-SIEM
3301	*.flat
3302	TUTORIEL.bmp
3303	*.xolzsec
3304	*.Flux
3305	*.Blocked2
3306	*.wooly
3307	*.nuclear
3308	*.area
3309	*.EMPTY
3310	*.arena
3311	lukitus.html
3312	*.zuzya
3313	*.{saruman7@india.com}.BRT92
3314	*.CYRON
3315	*.#Locky
3316	*.ERROR
3317	*.EV
3318	*.lokitus
3319	*.lukitus-tiedostopäätettä
3320	*.fmoon
3321	*.cesar
3322	*.lukitus
3323	*.KK
3324	*.prosperous666
3325	*.\[actum_signum@aol.com\].onion
3326	*.encrypted\[Payfordecrypt@protonmail.com\]
3327	*.enc
3328	*.anubi
3329	*.D2550A49BF52DFC23F2C013C5
3330	*.LEGO
3331	*.Cerber_RansomWare@qq.com
3332	*.0x009d8a
3333	*.3301
3334	*.ZABLOKOWANE
3335	*.pabluklocker
3336	*.cezar
3337	*.cnc
3338	*.trump
3339	*.Crypton
3340	*.rumblegoodboy
3341	*.BONUM
3342	*.\[cho.dambler@yandex.com\]
3343	diablo6-*.htm
3344	*.DIABLO6
3345	*.PEDO
3346	*.HELLO
3347	*.ACTUM
3348	*.OGONIA
3349	*.WAmarlocked
3350	!## DECRYPT FILES ##!.txt
3351	*.nopasaran
3352	*.gryphon
3353	ebay-msg.html
3354	ebay_was_here
3355	*.ebay
3356	*.491
3357	*.mtk118
3358	*.490
3359	*.shutdown57
3360	*.PIRATE
3361	*.wxdrJbgSDa
3362	*.sea
3363	*.PLIN
3364	*.726
3365	*.SEVENDAYS
3366	*.nemesis
3367	*.ocean
3368	*.rose
3369	*.\[avalona.toga@aol.com\].blocking
3370	*.Node0
3371	*.supported2017
3372	RECOVER-FILES.html
3373	READ_ME_ASAP.txt
3374	_iWasHere.txt
3375	!!!SAVE YOUR FILES!.bmp
3376	!!!!!SAVE YOUR FILES!!!!.txt
3377	@decrypt_your_files.txt
3378	HowToDecryptIMPORTANT!.txt
3379	*.WINDOWS
3380	*.bbqb
3381	*.725
3382	*.DG
3383	*.Srpx
3384	*.freefoam
3385	*.MyChemicalRomance4EVER
3386	*.extension.srpx
3387	*.fuck_you_av_we_are_not_globe_fake
3388	*.BRT92
3389	*.qwqd
3390	IF YOU WANT TO GET ALL YOUR FILES BACK, PLEASE READ THIS.TXT
3391	*.TGIF
3392	*.snake
3393	*.MOLE03
3394	*.MOLE04
3395	*.Petya
3396	*.HAPP
3397	*.bam!
3398	*.Atom
3399	*.GOTHAM
3400	*.skunk
3401	*.symbiom_ransomware_locked
3402	*.CK
3403	*.HUSTONWEHAVEAPROBLEM@KEEMAIL.ME
3404	*.yl
3405	*.ZAYKA
3406	*.NOOB
3407	*.crptd
3408	Instruction for file recovery.txt
3409	*.\[mich78@usa.com\]
3410	*.Reyptson
3411	*.explorer
3412	*.au1crypt
3413	*.s1crypt
3414	*.alosia
3415	*.korea
3416	*.POHU
3417	*.Ransed
3418	*.EXTE
3419	_HELP_INSTRUCTION.TXT
3420	*.Malki
3421	*.707
3422	*.A604AF9070
3423	*.scorpio
3424	*id-*_\[*@*.*\].*
3425	*.Cry128
3426	*.Cry36
3427	*.Cry9
3428	*.xz
3429	*.readme_txt
3430	Ransom.rtf
3431	*.OXR
3432	*.acc
3433	*.MOLE01
3434	*.3ncrypt3d
3435	*.AZER
3436	_INTERESTING_INFORMACION_FOR_DECRYPT.TXT
3437	*.dcry
3438	*.MOLE00
3439	*.LoveYou
3440	*.z3r0
3441	*.4x82N
3442	*.63vc4
3443	*.BELGIAN_COCOA
3444	RESTORE-.-FILES.txt
3445	*.moments2900
3446	*.0x004867
3447	*.MMM
3448	*.rat
3449	*.aleta
3450	*.ranrans
3451	*.lalabitch,
3452	*.gankLocked
3453	*.ipygh
3454	*.via
3455	dllhost.dat
3456	FE04.tmp
3457	027cc450ef5f8c5f653329641ec1fed9*.*
3458	petwrap.exe
3459	*.lamo
3460	File_Encryption_Notice.txt
3461	*.suppose666
3462	*.mention9823
3463	*.breeding123
3464	*.sux
3465	*.cfm
3466	*.Wana Decrypt0r Trojan-Syria Editi0n
3467	Paxynok.html
3468	*.pscrypt
3469	*.a990
3470	Tempimage.jpg
3471	*.Tesla
3472	WannaCry.TXT
3473	*.kuntzware
3474	*.nsmf
3475	*.Facebook
3476	*.pizdosik
3477	*.\[resque@plague.desi\].scarab
3478	*.sux.AES128
3479	*.cspider
3480	*.\[teroda@bigmir.net\].masterteroda@bigmir.net
3481	*.zbt
3482	*.MOLE02
3483	your_key.rsa
3484	OkuBeni.txt
3485	*@*.blocking
3486	*.ogre
3487	*.tax
3488	StrutterGear.exe
3489	ReadMe_Important.txt
3490	Sifre_Coz_Talimat.html
3491	*.whycry
3492	!READ.htm
3493	!_ИНСТРУКЦИЯ_!.txt
3494	*.cr020801
3495	*.cerber6
3496	*.netn6
3497	*.rnsmwre
3498	*.ghost
3499	*.scarab
3500	IF_YOU_WANT_TO_GET_ALL_YOUR_FILES_BACK_PLEASE_READ_THIS.TXT
3501	*.R4bb0l0ck
3502	*.TraNs
3503	#HOW_TO_UNRIP#.txt
3504	*.BeethoveN
3505	* .tdelf
3506	*.spectre
3507	mood-ravishing-hd-wallpaper-142943312215.jpg
3508	Blooper.exe
3509	SintaLocker.exe
3510	SintaRun.py
3511	*.switch
3512	*.payforunlock
3513	HOW TO RECOVER ENCRYPTED FILES.TXT
3514	README_FOR_DECRYPT.txt
3515	*.dolphin
3516	*.dviide
3517	*.sVn
3518	*.R3K7M9
3519	*.BMCODE
3520	*.zilla
3521	*.RaaS
3522	*.resurrection
3523	*.lost
3524	*.ram
3525	*.master
3526	*.brickr
3527	READ_DECRYPT_FILES.txt
3528	*.ramen
3529	*.TRMT
3530	*.gommemode
3531	*.andonio
3532	*.phantom
3533	*.r3store
3534	Read me for help thanks.txt
3535	*.imsorry
3536	help_to_decrypt.txt
3537	*.YYTO
3538	*.read_to_txt_file.yyto
3539	*.beep
3540	*.666
3541	AArI.jpg
3542	*.crying
3543	*.antihacker2017
3544	*.theworldisyours
3545	*.spora
3546	*.sexy
3547	*.realfs0ciety@sigaint.org.fs0ciety
3548	*.pays
3549	*.payrms
3550	*.paymts
3551	*.paymrss
3552	*.paym
3553	*.lol
3554	*.madebyadam
3555	*.locklock
3556	*.lcked
3557	*.kyra
3558	*.kernel_time
3559	*.kernel_pid
3560	*.kernel_complete
3561	*.ifuckedyou
3562	*.grt
3563	*.crypte
3564	*.cbu1
3565	*-webmafia@asia.com_donald@trampo.info
3566	*.beef
3567	*.write_us_on_email
3568	*.LIGHTNING
3569	*.xfile
3570	DECRYPTION.TXT
3571	*.oled
3572	*.wtdi
3573	*.4rwcry4w
3574	*.Encrypted_By_VMola.com
3575	*.wlu
3576	Restore_maysomware_files.html
3577	*.maysomware
3578	*.damoclis
3579	*.decrypter@tutanota.com
3580	*.VisionCrypt
3581	*.pwned
3582	how_to_back_files.html
3583	*.hNcrypt
3584	*.~xdata~
3585	*.b0ff
3586	Galaperidol.exe
3587	HOW_CAN_I_DECRYPT_MY_FILES.txt
3588	*.xdata
3589	Hello There! Fellow @kee User!.txt
3590	*.kee
3591	*.grux
3592	Restore_your_files.txt
3593	READ_ME.html
3594	*.mordor
3595	*.die
3596	*.SaMsUnG
3597	!#_DECRYPT_#!.inf
3598	*.nuke55
3599	*.onyon
3600	*.blocked
3601	!Please Read Me!.txt
3602	!WannaDecryptor!.exe.lnk
3603	*.DARKCRY
3604	*.wincry
3605	*.wncrypt
3606	WannaCrypt 4.0.exe
3607	t.wry
3608	*.vCrypt1
3609	*.theva
3610	tor.exe
3611	tasksche.exe
3612	wcry.zip
3613	taskhsvc.exe
3614	taskse.exe
3615	taskdl.exe
3616	*.pky
3617	*.eky
3618	wcry.exe
3619	Wannacry.exe
3620	@WanaDecryptor@.*
3621	*.slvpawned
3622	*.WCRYT
3623	*.WRNY
3624	*.LOCKED.txt
3625	*.wncryt
3626	*.wnry
3627	*.viki
3628	RESTORE-12345-FILES.TXT
3629	*.donation1@protonmail.ch.12345
3630	*.block_file12
3631	*.@decrypt2017
3632	*.vdul
3633	*.2cXpCihgsVxB3
3634	*.son
3635	loptr-*.htm
3636	*.paycyka
3637	*.medal
3638	*.bagi
3639	@Please_Read_Me@.txt
3640	*.wncry
3641	_!!!_README_!!!_*
3642	_!!!_README_!!!_*_.hta
3643	_!!!_README_!!!_*_ .txt
3644	*.news
3645	*.corrupted
3646	HOW_TO_DECRYPT_FILES.html
3647	*.shifr
3648	DECRYPT_INFO.txt
3649	*.FailedAccess
3650	Cversions.2.db
3651	*.helppme@india.com.*
3652	ReadME_Decrypt_Help_*.html
3653	*.fartplz
3654	* .vCrypt1
3655	*.xncrypt
3656	*.Lockify
3657	*.htrs
3658	*.cryptowin
3659	*.owned
3660	*.x0lzs3c
3661	*.UIWIX
3662	*.CRYPTOBOSS
3663	*.loptr
3664	*.jaff
3665	*.bitkangoroo
3666	*.cloud
3667	zcrypt.exe
3668	*.uk-dealer@sigaint.org
3669	*_luck
3670	*.decrypt2017
3671	*.\[admin@hoist.desi\].*.WALLET
3672	*.\[crysis@life.com\].*.WALLET
3673	*.\[SHIELD0@USA.COM\].*.WALLET
3674	#_RESTORING_FILES_#.TXT
3675	*.haters
3676	*.anon
3677	*.amnesia
3678	*.keepcalm
3679	*.MIKOYAN
3680	RESTORE_FILES.HTML
3681	*.WWW
3682	*.CRYPTED000007
3683	*.HELPPME@INDIA.COM.ID83994902
3684	HOW_RETURN_FILES.TXT
3685	*.MAYA
3686	*.CONTACT_TARINEOZA@GMAIL.COM
3687	*.CRYPTOBYTE
3688	*.AES
3689	NOTE;!!!-ODZYSKAJ-PLIKI-!!!.TXT
3690	INSTRUCTION_FOR_HELPING_FILE_RECOVERY.txt
3691	*.ADR
3692	*.NM4
3693	DesktopOsiris.*
3694	OSIRIS-*.*
3695	redchip2.exe
3696	*.LOLI
3697	ATLAS_FILES.txt
3698	*.whatthefuck
3699	*.loveyouisreal
3700	*.okokokokok
3701	*.ranranranran
3702	READ_IT_FOR_GET_YOUR_FILE.txt
3703	*.psh
3704	*.GETREKT
3705	!!! READ THIS - IMPORTANT !!!.txt
3706	*.aes_ni_0day
3707	*.JEEPERS
3708	PAYMENT-INSTRUCTIONS.TXT
3709	*.LOCKOUT
3710	*.ATLAS
3711	*.FLATCHER3@INDIA.COM.000G
3712	*.AES-NI
3713	*.DEXTER
3714	*.CONFICKER
3715	*.ONION
3716	*.\[NO.TORP3DA@PROTONMAIL.CH\].WALLET
3717	*.LCKD
3718	*.MOLE
3719	*.RANSOM
3720	*.lambda.l0cked
3721	009-READ-FOR-DECCCC-FILESSS.html
3722	_READ_THI$_FILE_*
3723	*.I'WANT MONEY
3724	*.gembok
3725	!Decrypt-All-Files-*.txt
3726	*.\[GOFMEN17@YA.RU\],CRP
3727	*.SERP
3728	*.kilit
3729	0_HELP_DECRYPT_FILES.HTM
3730	HUR_DEKRYPTERA_FILER.html
3731	HUR_DEKRYPTERA_FILER.txt
3732	*.LAMBDA.LOCKED
3733	*.ADMIN@BADADMIN.XYZ
3734	*.SKJDTHGHH
3735	*.LOCK75
3736	*.B10CKED
3737	*.A95436@YA.RU
3738	*.IWANT
3739	*.Fuck_You
3740	Recupere seus arquivos aqui.txt
3741	READ TO UNLOCK FILES.salsa.*.html
3742	*.SALSA222
3743	*.NUMBERDOT
3744	How Decrypt My Files.lnk
3745	How_Decrypt_My_Files
3746	*.CRADLE
3747	*.ID-7ES642406.CRY
3748	READ ME ABOUT DECRYPTION.txt
3749	*.Do_not_change_the_file_name.cryp
3750	*.pr0tect
3751	*.android
3752	*_READ_THIS_FILE_*_*
3753	*.btcware
3754	*drakosho_new@aol.com*
3755	*.AngleWare
3756	*.zorro
3757	*.CIFGKSAFFSFYGHD
3758	*.A9V9AHU4
3759	*.payfordecrypt
3760	OKU.TXT
3761	ZINO_NOTE.TXT
3762	*.ZINO
3763	*.kirked
3764	*.CRPTXXX
3765	HOW_TO_FIX_!.TXT
3766	*.\[BRAINCRYPT@INDIA.COM\].BRAINCRYPT
3767	*.pizdec
3768	*.REVENGE
3769	!!!READ_TO_UNLOCK!!!.TXT
3770	*.openforyou@india.com
3771	*.warn_wallet
3772	*.nemo-hacks.at.sigaint.org
3773	*.MATRIX
3774	Crytp0l0cker.Upack.dll
3775	Crytp0l0cker.dll
3776	Crytp0l0cker.exe
3777	decrypted_files.dat
3778	padcryptUninstaller.exe
3779	PadCrypt.exe
3780	Vape Launcher.exe
3781	READ_ME_!.txt
3782	*.enjey
3783	Aescrypt.exe
3784	*.GG
3785	*.\[PINGY@INDIA.COM\]
3786	*.WORMKILLER@INDIA.COM.XTBL
3787	*.CEBER3
3788	IF_WANT_FILES_BACK_PLS_READ.html
3789	*.iaufkakfhsaraf
3790	_HELP_HELP_HELP_*
3791	zXz.html
3792	*.zXz
3793	VictemKey_*_*
3794	HVORDAN_DU_GENDANNER_FILER.html
3795	HVORDAN_DU_GENDANNER_FILER.txt
3796	HELP_ME_PLEASE.txt
3797	!_RECOVERY_HELP_!.txt
3798	PLEASE-READIT-IF_YOU-WANT.html
3799	*.filegofprencrp
3800	COME_RIPRISTINARE_I_FILE.*
3801	fattura_*.js
3802	*_steaveiwalker@india.com_
3803	COMO_ABRIR_ARQUIVOS.txt
3804	*info@kraken.cc_worldcza@email.cz
3805	*.kr3
3806	COMO_RESTAURAR_ARCHIVOS.txt
3807	COMO_RESTAURAR_ARCHIVOS.html
3808	*.ENCR
3809	*.\[File-Help@India.Com\].mails
3810	damage@india.com*
3811	*.tmp.exe
3812	What happen to my files.txt
3813	*.jeepdayz@india.com
3814	*.BarRax
3815	*.damage
3816	*.locked-*
3817	*.jey
3818	*.CRYPTOSHIEL
3819	*.cfk
3820	ASSISTANCE_IN_RECOVERY.txt
3821	#_DECRYPT_ASSISTANCE_#.txt
3822	*.lfk
3823	_HELP_HELP_HELP_*.hta
3824	_HELP_HELP_HELP_*.jpg
3825	BTC_DECRYPT_FILES.txt
3826	*.TheTrumpLockerp
3827	*.TheTrumpLockerf
3828	*.d4nk
3829	*.x3mpro
3830	READ-READ-READ.html
3831	*.weencedufiles
3832	*.jse
3833	*.powned
3834	\[KASISKI\]*
3835	INSTRUCCIONES.txt
3836	@_USE_TO_FIX_*.txt
3837	*.happydayzz
3838	*.hasp
3839	001-READ-FOR-DECRYPT-FILES.html
3840	DECRYPT_INFORMATION.html
3841	Rans0m_N0te_Read_ME.txt
3842	email-vpupkin3@aol.com*
3843	*.hnyear
3844	*.hnumkhotep@india.com.hnumkhotep
3845	*.wowwhereismyfiles
3846	*.decryptional
3847	*.wowreadfordecryp
3848	*.7zipper
3849	*.youransom
3850	*.gui
3851	*.Harzhuangzi
3852	*.encryptedyourfiles
3853	*HERMES
3854	\[amanda_sofost@india.com\].wallet
3855	*.wcry
3856	*.velikasrbija
3857	*.razarac
3858	*.serpent
3859	*.msj
3860	*.szesnl
3861	_DECRYPT_INFO_szesnl.html
3862	000-IF-YOU-WANT-DEC-FILES.html
3863	*.evillock
3864	*.letmetrydecfiles
3865	*.yourransom
3866	*.lambda_l0cked
3867	*.gefickt
3868	*.HakunaMatata
3869	*.CRYPTOSHIELD
3870	*.weareyourfriends
3871	MERRY_I_LOVE_YOU_BRUCE.hta
3872	How decrypt files.hta
3873	unCrypte@outlook.com*
3874	decipher_ne@outlook.com*
3875	*.potato
3876	*.otherinformation
3877	*.vxLock
3878	*.rdmk
3879	*.paytounlock
3880	TRY-READ-ME-TO-DEC.html
3881	EMAIL_*_recipient.zip
3882	*.sage
3883	*garryweber@protonmail.ch
3884	LEER_INMEDIATAMENTE.txt
3885	*.killedXXX
3886	*.doomed
3887	*.sifreli
3888	*.MERRY
3889	000-No-PROBLEM-WE-DEC-FILES.html
3890	*.noproblemwedecfiles
3891	WE-MUST-DEC-FILES.html
3892	*.powerfulldecrypt
3893	*.stn
3894	*bingo@opensourcemail.org
3895	*.id-3044989498_x3m
3896	*.x3m
3897	READ_ME_TO_DECRYPT_YOU_INFORMA.jjj
3898	*.wuciwug
3899	*.kencf
3900	*.file0locked
3901	file0locked.js
3902	CryptoRansomware.exe
3903	*.VBRANSOM
3904	_HELP_Recover_Files_.html
3905	*.oops
3906	*.deria
3907	*.RMCM1
3908	*.Locked-by-Mafia
3909	*.кибер разветвитель
3910	*-filesencrypted.html
3911	decrypt_Globe*.exe
3912	*.hnumkhotep
3913	DecryptFile.txt
3914	*.L0CKED
3915	NFS-e*1025-7152.exe
3916	firstransomware.exe
3917	HELP-ME-ENCED-FILES.html
3918	*.helpmeencedfiles
3919	*EdgeLocker*.exe
3920	*.edgel
3921	*.XBTL
3922	*.firecrypt
3923	YOUR_FILES_ARE_DEAD.hta
3924	*.MRCR1
3925	*.PEGS1
3926	*.RARE1
3927	*.airacropencrypted!
3928	*\[cryptsvc@mail.ru\].*
3929	WHERE-YOUR-FILES.html
3930	*.Whereisyourfiles
3931	*opentoyou@india.com
3932	C-email-*-*.odcodc
3933	*.maktub
3934	*.hush
3935	*.bript
3936	_*_README.hta
3937	_*_README.jpg
3938	HOW_OPEN_FILES.hta
3939	*.gangbang
3940	GJENOPPRETTING_AV_FILER.html
3941	GJENOPPRETTING_AV_FILER.txt
3942	!!! HOW TO DECRYPT FILES !!!.txt
3943	*.braincrypt
3944	INSTRUCTION RESTORE FILE.TXT
3945	*.lesli
3946	Survey Locker.exe
3947	!!!!!ATENÇÃO!!!!!.html
3948	Receipt.exe
3949	WindowsApplication1.exe
3950	HWID Lock.exe
3951	VIP72.exe
3952	DALE_FILES.TXT
3953	*.DALE
3954	*.8637
3955	*.kok
3956	HOW_TO_RESTORE_YOUR_DATA.html
3957	*.paymrts
3958	*.paymds
3959	RESTORE_CORUPTED_FILES.HTML
3960	READ@My.txt
3961	Cyber SpLiTTer Vbs.exe
3962	*.flyper
3963	000-PLEASE-READ-WE-HELP.html
3964	*.helpdecrypt@india.com
3965	*.VforVendetta
3966	popcorn_time.exe
3967	*.filock
3968	*.wallet
3969	*_.rmd
3970	*.uDz2j8mv
3971	OSIRIS-*.htm
3972	DesktopOsiris.htm
3973	*\[cryptservice@inbox.ru\]*
3974	*.no_more_ransom
3975	bahij2@india.com
3976	*.lovewindows
3977	*.osiris
3978	*.R.i.P
3979	Important!.txt
3980	!_HOW_TO_RESTORE_*.txt
3981	HOW_TO_RESTORE_FILES.txt
3982	_README_*.hta
3983	*.Zzzz
3984	*\[lavandos@dr.com\].wallet
3985	*.coin
3986	*.crypted_file
3987	*.EncrypTile
3988	*.hcked
3989	_README_.hta
3990	Runsome.exe
3991	Payment_Advice.mht
3992	lblBitcoinInfoMain.txt
3993	lblFinallyText.txt
3994	lblMain.txt
3995	*.hannah
3996	*.vindows
3997	How to decrypt your files.jpg
3998	How to decrypt your files.txt
3999	How to get data back.txt
4000	*.zycrypt
4001	*.sgood
4002	*.zzzzz
4003	xort.txt
4004	DOSYALARINIZA ULAŞMAK İÇİN AÇINIZ.html
4005	HOWTO_RECOVER_FILES_*.TXT
4006	HELP_RESTORE_FILES_*.TXT
4007	Recovery+*.html
4008	Recovery+*.txt
4009	_H_e_l_p_RECOVER_INSTRUCTIONS+*.png
4010	_H_e_l_p_RECOVER_INSTRUCTIONS+*.html
4011	help_recover_instructions+*.html
4012	help_recover_instructions+*.BMP
4013	_how_recover+*.html
4014	_how_recover+*.txt
4015	ThxForYurTyme.txt
4016	_HOW_TO_Decrypt.bmp
4017	_RECOVER_INSTRUCTIONS.ini
4018	###-READ-FOR-HELLPP.html
4019	rtext.txt
4020	DECRYPTION INSTRUCTIONS.txt
4021	decrypt explanations.html
4022	_WHAT_is.html
4023	_HOWDO_text.html
4024	readme_liesmich_encryptor_raas.txt
4025	_Adatok_visszaallitasahoz_utasitasok.txt
4026	How to restore files.hta
4027	locked.bmp
4028	README_TO_RECURE_YOUR_FILES.txt
4029	Your files encrypted by our friends !!!.txt
4030	ATTENTION.url
4031	@WARNING_FILES_ARE_ENCRYPTED.*.txt
4032	README!!!.txt
4033	# README.hta
4034	!Recovery_*.html
4035	YourID.txt
4036	recover.bmp
4037	recover.txt
4038	README HOW TO DECRYPT YOUR FILES.HTML
4039	READ_IT.txt
4040	*.lock93
4041	*.!emc
4042	*.adk
4043	svchosd.exe
4044	*.aesir
4045	*.CHIP
4046	*.happy
4047	*.angelamerkel
4048	*.razy1337
4049	*.zendr4
4050	*.dharma
4051	*.locked3
4052	*.duhust
4053	*.exploit
4054	*_crypt
4055	*_help_instruct*.*
4056	*!DMAlock*
4057	*.GSupport3
4058	*.rnsmwr
4059	*.dCrypt
4060	ransomed.html
4061	*.Alcatraz
4062	*_WHAT_is.html
4063	readme.hta
4064	*.96e2
4065	*.thor
4066	*.dxxd
4067	*.usr0
4068	*.shit
4069	*.coded
4070	*.raid10
4071	*.realfs0ciety*
4072	*.rip
4073	*.okean*
4074	*.globe
4075	*.nuclear55
4076	*.1txt
4077	*.kostya
4078	*.k0stya
4079	*.comrade
4080	*.exotic
4081	*.fuck
4082	*.Yakes
4083	*.Zimbra
4084	email-salazar_slytherin10@yahoo.com.ver-*.id-*-*.randomname-*
4085	*._AiraCropEncrypted!
4086	README_RECOVER_FILES_*.txt
4087	README_RECOVER_FILES_*.png
4088	README_RECOVER_FILES_*.html
4089	*.~HL*
4090	Sarah_G@ausi.com___*
4091	*.zc3791
4092	*.venusp
4093	*.shino
4094	*.bleepYourFiles
4095	*.crashed
4096	*.amba
4097	*.7h9r
4098	*.已加密
4099	*.암호화됨
4100	*.b5c6
4101	*.ap19
4102	*.a19
4103	_*_HOWDO_text.html
4104	*_HOWDO_text.bmp
4105	*_HOWDO_text.html
4106	*.odin
4107	*.zypto*
4108	zzzzzzzzzzzzzzzzzyyy
4109	zycrypt.*
4110	*decrypt your file*.*
4111	*_nullbyte*
4112	*.bart
4113	*.axx
4114	_H_e_l_p_RECOVER_INSTRUCTIONS+*.txt
4115	HOW-TO-DECRYPT-FILES.HTML
4116	HOW_TO_DECRYPT.HTML
4117	exit.hhr.obleep
4118	UnblockFiles.vbs
4119	README_DECRYPT_HYDRA_ID_*.txt
4120	DECRYPT_Readme.TXT.ReadMe
4121	Decrypt All Files *.bmp
4122	HowDecrypt.gif
4123	HELP_YOURFILES.HTML
4124	HOW TO DECRYPT FILES.HTML
4125	BUYUNLOCKCODE
4126	BitCryptorFileList.txt
4127	*.crjocker
4128	*.POSHKODER
4129	*.hydracrypt_ID_*
4130	*.CTBL2
4131	*.unbrecrypt_ID_*
4132	*.padcrypt
4133	*.rekt
4134	*.CCCRRRPPP
4135	*.SecureCrypte
4136	*.windows10
4137	*.pdcr
4138	*.keybtc@inbox
4139	*.breaking_bad
4140	*.cryptowall
4141	*.xorist
4142	*.crypt1
4143	How_to_decrypt_your_files.jpg
4144	How_to_restore_files.hta
4145	*.cerber3
4146	*.a5zfn
4147	*.purge
4148	*.fantom
4149	*.cerber2
4150	!readme.*
4151	Como descriptografar seus arquivos.txt
4152	*.C0rp0r@c@0Xr@
4153	*.domino
4154	*cerber2
4155	*.cawwcca
4156	how_to_unlock*.*
4157	!Recovery_*.txt
4158	Read_this_file.txt
4159	*.legion
4160	*.encoderpass
4161	*.cryptolocker
4162	*.7z.encrypted
4163	ATTENTION!!!.txt
4164	HELP_DECRYPT.lnk
4165	how to decrypt aes files.lnk
4166	restore_files.txt
4167	HowDecrypt.txt
4168	$RECYCLE.BIN.{*-*-*-*}
4169	*.heisenberg
4170	*.breaking bad
4171	*.razy
4172	*.Venusf
4173	.~
4174	*.payfornature@india.com.crypted
4175	winclwp.jpg
4176	wie_zum_Wiederherstellen_von_Dateien.txt
4177	tox.html
4178	strongcrypt.bmp
4179	qwer2.html
4180	qwer.html
4181	pronk.txt
4182	paycrypt.bmp
4183	maxcrypt.bmp
4184	how_decrypt.gif
4185	how to get data.txt
4186	help_recover_instructions*.txt
4187	help_recover_instructions*.html
4188	help_recover_instructions*.bmp
4189	help-file-decrypt.enc
4190	enigma_encr.txt
4191	enigma.hta
4192	default432643264.jpg
4193	default32643264.bmp
4194	decypt_your_files.html
4195	de_crypt_readme.txt
4196	de_crypt_readme.html
4197	de_crypt_readme.bmp
4198	cryptinfo.txt
4199	crjoker.html
4200	_how_recover*.txt
4201	_how_recover*.html
4202	_Locky_recover_instructions.bmp
4203	_H_e_l_p_RECOVER_INSTRUCTIONS*.txt
4204	_H_e_l_p_RECOVER_INSTRUCTIONS*.png
4205	_H_e_l_p_RECOVER_INSTRUCTIONS*.html
4206	_HELP_instructions.txt
4207	_HELP_instructions.bmp
4208	_DECRYPT_INFO_*.html
4209	Your files encrypted by our friends !!! txt
4210	Your files are locked !.txt
4211	Your files are locked !!.txt
4212	Your files are locked !!!.txt
4213	Your files are locked !!!!.txt
4214	YOUR_FILES_ARE_LOCKED.txt
4215	YOUR_FILES_ARE_ENCRYPTED.TXT
4216	YOUR_FILES_ARE_ENCRYPTED.HTML
4217	YOUGOTHACKED.TXT
4218	UNLOCK_FILES_INSTRUCTIONS.txt
4219	UNLOCK_FILES_INSTRUCTIONS.html
4220	SIFRE_COZME_TALIMATI.html
4221	SHTODELATVAM.txt
4222	Read Me (How Decrypt) !!!!.txt
4223	RESTORE_FILES_*.txt
4224	RESTORE_FILES_*.*
4225	READ_THIS_TO_DECRYPT.html
4226	README_HOW_TO_UNLOCK.TXT
4227	README_HOW_TO_UNLOCK.HTML
4228	README_DECRYPT_UMBRE_ID_*.txt
4229	README_DECRYPT_UMBRE_ID_*.jpg
4230	README_DECRYPT_HYRDA_ID_*.txt
4231	READ ME FOR DECRYPT.txt
4232	READ IF YOU WANT YOUR FILES BACK.html
4233	Payment_Instructions.jpg
4234	ONTSLEUTELINGS_INSTRUCTIES.html
4235	OKSOWATHAPPENDTOYOURFILES.TXT
4236	MENSAGEM.txt
4237	KryptoLocker_README.txt
4238	Instructionaga.txt
4239	ISTRUZIONI_DECRITTAZIONE.html
4240	INSTRUCTIONS_DE_DECRYPTAGE.html
4241	INSTRUCCIONES_DESCIFRADO.html
4242	INSTALL_TOR.URL
4243	IMPORTANT.README
4244	IMPORTANT READ ME.txt
4245	Howto_RESTORE_FILES.html
4246	How to decrypt your data.txt
4247	How to decrypt LeChiffre files.html
4248	Help Decrypt.html
4249	Hacked_Read_me_to_decrypt_files.html
4250	HOW_TO_UNLOCK_FILES_README_*.txt
4251	HOW_TO_RESTORE_FILES.html
4252	HOW_DECRYPT.URL
4253	HOW_DECRYPT.TXT
4254	HOW_DECRYPT.HTML
4255	HOWTO_RECOVER_FILES_*.*
4256	HOW TO DECRYPT FILES.txt
4257	HELP_YOUR_FILES.html
4258	HELP_YOUR_FILES.PNG
4259	HELP_TO_SAVE_FILES.bmp
4260	HELP_RESTORE_FILES_*.*
4261	HELP_DECRYPT.URL
4262	HELP_DECRYPT.PNG
4263	HELP_DECRYPT.HTML
4264	GetYouFiles.txt
4265	File Decrypt Help.html
4266	FILES_BACK.txt
4267	ENTSCHLUSSELN_HINWEISE.html
4268	DecryptAllFiles*.txt
4269	DESIFROVANI_POKYNY.html
4270	DECRYPT_YOUR_FILES.txt
4271	DECRYPT_YOUR_FILES.HTML
4272	DECRYPT_ReadMe1.TXT
4273	DECRYPT_INSTRUCTIONS.html
4274	DECRYPT_INSTRUCTION.URL
4275	DECRYPT_INSTRUCTION.HTML
4276	DECRYPTION_HOWTO.Notepad
4277	Comment débloquer mes fichiers.txt
4278	BUYUNLOCKCODE.txt
4279	AllFilesAreLocked*.bmp
4280	4-14-2016-INFECTION.TXT
4281	*_ryp
4282	*_HELP_instructions.html
4283	*.xcrypt
4284	*.unavailable
4285	*.szf
4286	*.porno.pornoransom
4287	*.plauge17
4288	*.neitrino
4289	*.kimcilware.locked
4290	*.iwanthelpuuu
4291	*.herbst
4292	*.helpdecrypt@ukr.net
4293	*.h3ll
4294	*.gws.porno
4295	*.fuckyourdata
4296	*.encrypted.locked
4297	*.cryptz
4298	*.crypttt
4299	*.cripttt
4300	*.criptokod
4301	*.criptiko
4302	*.btc.kkk.fun.gws
4303	*.aga
4304	*._ryp
4305	*.Where_my_files.txt
4306	*.Read_Me.Txt
4307	*.RSplited
4308	*.KEYZ.KEYH0LES
4309	*.How_To_Get_Back.txt
4310	*.How_To_Decrypt.txt
4311	*.Contact_Here_To_Recover_Your_Files.txt
4312	*.31392E30362E32303136_*
4313	# DECRYPT MY FILES #.vbs
4314	# DECRYPT MY FILES #.txt
4315	# DECRYPT MY FILES #.html
4316	!Where_are_my_files!.html
4317	!!!README!!!*.rtf
4318	!!!-WARNING-!!!.txt
4319	!!!-WARNING-!!!.html
4320	*.magic_software_syndicate
4321	*maestro@pizzacrypts.info
4322	*.crypt
4323	*.bitstak
4324	*.wflx
4325	*.CRRRT
4326	howtodecryptaesfiles.txt
4327	!satana!.txt
4328	*.akaibvn
4329	*.cRh8
4330	*.YTBL
4331	*.krypted
4332	*.tzu
4333	*.6FKR8d
4334	*.sshxkej
4335	*.eclr
4336	*.epic
4337	*.paybtcs
4338	*.AFD
4339	*.paymst
4340	*.payms
4341	*.isis
4342	*.zepto
4343	*.bart.zip
4344	*.kratos
4345	*.31342E30362E32303136*
4346	*.SecureCrypted
4347	*.crptrgr
4348	*.rtyrtyrty
4349	!DMALOCK3.0*
4350	*.evil
4351	*.crypt38
4352	*.asdasdasd
4353	*.ded
4354	*.bloccato
4355	*.canihelpyou
4356	*.crypz
4357	decrypt-instruct*.*
4358	*files_are_encrypted.*
4359	*decryptmyfiles*.*
4360	help_instructions.*
4361	*-recover-*.*
4362	de_crypt_readme.*
4363	*!recover!*.*
4364	*recover}-*.*
4365	*rec0ver*.*
4366	_help_instruct*.*
4367	*_recover_*.*
4368	*+recover+*.*
4369	*warning-!!*.*
4370	*decrypt my file*.*
4371	help_file_*.*
4372	recovery+*.*
4373	readme_for_decrypt*.*
4374	install_tor*.*
4375	readme_decrypt*.*
4376	howtodecrypt*.*
4377	howto_restore*.*
4378	how_to_recover*.*
4379	how_recover*.*
4380	how_to_decrypt*.*
4381	how to decrypt*.*
4382	help_restore*.*
4383	help_your_file*.*
4384	help_recover*.*
4385	help_decrypt*.*
4386	decrypt_instruct*.*
4387	cryptolocker.*
4388	*recover_instruction*.*
4389	*.hydracrypt_ID*
4390	*gmail*.crypt
4391	*.cryptotorlocker*
4392	*.xxx
4393	*.xyz
4394	*.xtbl
4395	*.xort
4396	*.xrtn
4397	*.vvv
4398	*.vscrypt
4399	*.trun
4400	*.ttt
4401	*.surprise
4402	*.troyancoder@qq_com
4403	*.sport
4404	*.scl
4405	*.ryp
4406	*.sanction
4407	*.RRK
4408	*.rokku
4409	*.remind
4410	*.relock@qq_com
4411	*.RDM
4412	*.RADAMANT
4413	*.R5A
4414	*.R4A
4415	*.PoAr2w
4416	*.pizda@qq_com
4417	*.p5tkjw
4418	*.oplata@qq_com
4419	*.oshit
4420	*.oor
4421	*.one-we_can-help_you
4422	*.OMG!
4423	*.nochance
4424	*.nalog@qq_com
4425	*.micro
4426	*.LOL!
4427	*.locky
4428	*.locked
4429	*.LeChiffre
4430	*.kraken
4431	*.korrektor
4432	*.kkk
4433	*.kimcilware
4434	*.KEYZ
4435	*.keybtc@inbox_com
4436	*.KEYHOLES
4437	*.justbtcwillhelpyou
4438	*.infected
4439	*.helpdecrypt@ukr_net
4440	*.hb15
4441	*.ha3
4442	*.gruzin@qq_com
4443	*.gws
4444	*.fun
4445	*.fucked
4446	*.enigma
4447	*.encryptedped
4448	*.encryptedRSA
4449	*.encryptedAES
4450	*.Encrypted
4451	*.encrypt
4452	*.encedRSA
4453	*.EnCiPhErEd
4454	*.dyatel@qq_com
4455	*.czvxce
4456	*.darkness
4457	*.ctbl
4458	*.CrySiS
4459	*.CryptoTorLocker2015!
4460	*.crypted
4461	*.cry
4462	*.crjoker
4463	*.crinf
4464	*.crime
4465	*.coverton
4466	*.code
4467	*.clf
4468	*.chifrator@qq_com
4469	*.cerber
4470	*.cbf
4471	*.btcbtcbtc
4472	*.btc-help-you
4473	*.btc
4474	*.bloc
4475	*.better_call_saul
4476	*.AES256
4477	*.{CRYPTENDBLACKDC}
4478	*.73i87A
4479	*.zzz
4480	*.abc
4481	*.aaa
4482	vault.txt
4483	vault.key
4484	recovery_key.txt
4485	vault.hta
4486	message.txt
4487	recovery_file.txt
4488	confirmation.key
4489	enc_files.txt
4490	last_chance.txt
4491	*.vault
4492	*want your files back.*
4493	*.frtrss
4494	*.exx
4495	*.ezz
4496	*.ecc
4497	*help_restore*.*
4498	*how_to_recover*.*
4499	*restore_fi*.*
4500	*ukr.net*
4501	*qq_com*
4502	*keemail.me*
4503	*decipher*
4504	*install_tor*.*
4505	*@india.com*
4506	*@gmail_com_*
4507	*.*obleep
4508	*.*exx
4509	*.*locked
4510	*.*nochance
4511	*.*kraken
4512	*.*kb15
4513	*.*darkness
4514	*.*crypto
4515	*.*cry
4516	_Locky_recover_instructions.txt
4517	help_recover_instructions+*.txt
4518	recoverfile*.txt
4519	Howto_Restore_FILES.TXT
4520	recoveryfile*.txt
4521	_how_recover.txt
4522	howrecover+*.txt
4523	restorefiles.txt
4524	howto_recover_file.txt
4525	HowtoRESTORE_FILES.txt
4526	RECOVERY_FILE*.txt
4527	RECOVERY_FILES.txt
4528	help_decrypt_your_files.html
4529	HELPDECYPRT_YOUR_FILES.HTML
4530	IHAVEYOURSECRET.KEY
4531	SECRET.KEY
4532	SECRETIDHERE.KEY
4533	READTHISNOW!!!.TXT
4534	IAMREADYTOPAY.TXT
4535	HELLOTHERE.TXT
4536	FILESAREGONE.TXT
4537	DECRYPT_ReadMe.TXT
4538	Read.txt
4539	About_Files.txt
4540	_secret_code.txt
4541	ReadDecryptFilesHere.txt
4542	Coin.Locker.txt
4543	HOW_TO_DECRYPT_FILES.TXT
4544	DECRYPT_INSTRUCTION.TXT
4545	encryptor_raas_readme_liesmich.txt
4546	Help_Decrypt.txt
4547	YOUR_FILES.url
4548	How_To_Recover_Files.txt
4549	YOUR_FILES.HTML
4550	INSTRUCCIONES_DESCIFRADO.TXT
4551	DECRYPT_INSTRUCTIONS.TXT
4552	HELP_TO_SAVE_FILES.txt
4553	DecryptAllFiles.txt
4554	HELP_RECOVER_FILES.txt
4555	HELP_RESTORE_FILES.txt
4556	HELP_TO_DECRYPT_YOUR_FILES.txt
4557	HELP_YOUR_FILES.TXT
4558	HELPDECRYPT.TXT
4559	*.CTB2
4560	*.SUPERCRYPT
4561	*.magic
4562	*.1999
4563	*.toxcrypt
4564	*.bleep
4565	*.0x0
4566	*.good
4567	*.R16M01D05
4568	*.pzdc
4569	*.XRNT
4570	*.crypto
4571	*.ccc
4572	*.da_vinci_code
4573	*.payransom
4574	*.KEYH0LES
4575	oor.*
4576	*.zyklon
4577	*.zcrypt
4578	*.Z81928819
4579	*.Silent
4580	*.RSNSlocked
4581	*.RAD
4582	*.porno
4583	*.pornoransom
4584	*.odcodc
4585	_ryp
4586	*.helpdecrypt@ukr*.net
4587	*.only-we_can-help_you
4588	*.cryp1
4589	*.fileiscryptedhard
4590	*.blocatto
4591	*.8lock8
4592	*.777
